id_support,operateur,technologie,adresse,code_insee,coordonnees,type_support,hauteur_support,proprietaire_support,date_activ,action,infos,is_zb,is_new
1088530,FREE MOBILE,5G NR 3500,CENTRE EQUESTRE GRAMMONT  34090 MONTPELLIER,34172,"43.6161,3.9322",Pylône tubulaire,"35,8m","Commune, communauté de communes",2025-12-30,ALL,,False,False
1191318,FREE MOBILE,LTE 900,CHEMIN RURAL N° 12 (LES BOIS DE LA CAILLÈRE) 41120 CANDE SUR BEUVRON,41029,"47.4975,1.2728",Pylône autostable,30m,TOTEM,2025-12-30,ALL,,False,False
1293367,FREE MOBILE,LTE 2100,16 IMPASSE JACQUARD 87280 LIMOGES,87085,"45.8397,1.2703",Pylône autostable,"38,6m",HIVORY,2025-12-30,ALL,,False,False
1326409,FREE MOBILE,5G NR 3500,46 RUE DESIRE VERET 60180 NOGENT SUR OISE,60463,"49.2803,2.4633",Immeuble,"20,5m",Société HLM,2025-12-30,ALL,,False,False
1388842,FREE MOBILE,UMTS 900,119 BOULEVARD ROBERT SCHUMAN HÔTEL CLARINE 93190 LIVRY GARGAN,93046,"48.9322,2.5578",Immeuble,20m,Société Privée,2026-06-30,SUP,,False,False
1392152,FREE MOBILE,"LTE 1800, 5G NR 3500",CHEM RURAL DU COUDOULET SUD ZAC PORT SUD 84100 ORANGE,84087,"44.1125,4.8428",Pylône autostable,31m,TOTEM,2025-12-30,ALL,,False,True
1418575,FREE MOBILE,UMTS 900,25 RUE EDMOND TURCQ 95260 BEAUMONT SUR OISE,95052,"49.1447,2.2914",Bâtiment,25m,Établissement de soins,2026-06-30,SUP,,False,False
1422458,FREE MOBILE,5G NR 3500,153 RUE DE SAUSSURE 75017 PARIS 17,75117,"48.89,2.305",Immeuble,32m,"Copropriété, Syndic, SCI",2025-12-30,ALL,,False,False
1475927,FREE MOBILE,"LTE 1800, LTE 2100",LIGNE SNCF KOENIGSHOFFEN/STRASBOURG (HOUSBERGEN) 67200 STRASBOURG,67482,"48.5783,7.7089",Pylône autostable,35m,TOTEM,2025-12-30,ALL,,False,False
1478711,FREE MOBILE,LTE 2100,CHEM DES ESPLANTADES  ARÈNES (MAS ST PIERRE) 13570 BARBENTANE,13010,"43.9008,4.7425",Pylône tubulaire,"23,4m",ATC FRANCE,2025-12-30,ALL,,False,False
1494071,FREE MOBILE,"LTE 1800, 5G NR 3500",RUE CHARLES DE GAULLE UNITE DE VENTILATION 78350 JOUY EN JOSAS,78322,"48.7842,2.1564",Bâtiment,"18,5m",Sociétés d'Autoroutes,2025-12-30,ALL,,False,True
1495542,FREE MOBILE,5G NR 3500,178 BOULEVARD AURIOL 75013 PARIS 13,75113,"48.8317,2.3575",Immeuble,"29,7m","Copropriété, Syndic, SCI",2025-12-31,ALL,,False,False
1519046,FREE MOBILE,LTE 2100,CHEMIN DU CORREC (PLANES D'ABAIX) 66170 MILLAS,66108,"42.7014,2.6983",Pylône autostable,18m,ATC FRANCE,2025-12-30,ALL,,False,False
1541572,FREE MOBILE,LTE 900,14 BOULEVARD DE LA REPUBLIQUE 78000 VERSAILLES,78646,"48.8069,2.1472",Immeuble,24m,"Copropriété, Syndic, SCI",2025-12-30,ALL,,False,False
1547070,FREE MOBILE,LTE 900,AV DES CHUTES LAVIE TUNNEL DE CHARTREUX (CITÉ HLM MÉDITERRANNÉE) 13004 MARSEILLE 04,13204,"43.3122,5.3944","Ouvrage d'art (pont, viaduc)","7,5m",SNCF Réseau,2025-12-30,ALL,,False,False
1565138,FREE MOBILE,5G NR 3500,6 ALL GUSTAVE COURBET 94230 CACHAN,94016,"48.7869,2.3408",Immeuble,62m,Société HLM,2025-12-30,ALL,,False,False
1584032,FREE MOBILE,5G NR 3500,VOIE COMMUNALE N°9 (CHAMPS DESSUS) 25500 MONTLEBON,25403,"47.0372,6.6172",Pylône autostable,"20,4m",ATC FRANCE,2025-12-30,ALL,,False,False
1584242,FREE MOBILE,LTE 2100,AVENUE DU 8 MAI 1945 84310 MORIERES LES AVIGNON,84081,"43.9386,4.9047",Immeuble,20m,"Copropriété, Syndic, SCI",2025-12-30,ALL,,False,False
1592370,FREE MOBILE,LTE 900,TRA SAINT-CHARLES (TUNNEL DE ST-CHARLES) 13004 MARSEILLE 04,13204,"43.3081,5.3978",Tunnel,"8,9m",SNCF Réseau,2025-12-30,ALL,,False,False
1624154,FREE MOBILE,LTE 2100,55 R ROYALE CENTRAL TÉLÉPHONIQUE 91330 YERRES,91691,"48.7217,2.5006",Bâtiment,"31,4m",ORANGE,2025-12-30,ALL,,False,False
1659254,FREE MOBILE,5G NR 3500,1 RUE DE LA CRISTALLERIE 92310 SEVRES,92072,"48.8267,2.2236",Immeuble,"37,7m",Société Privée,2025-12-30,ALL,,False,False
1691124,FREE MOBILE,5G NR 3500,PLACE DE LA PORTE DE VERSAILLES 75015 PARIS 15,75115,"48.8317,2.2894",Bâtiment,"27,5m","Commune, communauté de communes",2025-12-30,ALL,,False,False
1710277,FREE MOBILE,LTE 900,25 BD  MASSENET ENSEMBLE INDUSTRIEL MARSEILLE NORD 13014 MARSEILLE 14,13214,"43.3436,5.3825",Bâtiment,"22,2m","Copropriété, Syndic, SCI",2025-12-30,ALL,,False,False
1711280,FREE MOBILE,5G NR 3500,2 BD  DES ANÉMONES HLM LES CANDÉLES 66140 CANET EN ROUSSILLON,66037,"42.6944,3.0258",Immeuble,18m,Société HLM,2025-12-30,ALL,,False,False
1755574,FREE MOBILE,UMTS 900,58-60  AV DU PARC 93290 TREMBLAY EN FRANCE,93073,"48.9558,2.565",Bâtiment,31m,"Copropriété, Syndic, SCI",2026-06-30,SUP,,False,False
1762067,FREE MOBILE,LTE 900,RTE D'ADON (RD 43) (LE VILLAGE DES PÊCHEURS) 45230 LA BUSSIERE,45060,"47.7514,2.7583",Pylône autostable,47m,HIVORY,2025-12-30,ALL,,False,False
1770544,FREE MOBILE,"LTE 1800, 5G NR 3500",10 BD DÉODAT DE SEVERAC ENT BBA EMBALLAGES 31770 COLOMIERS,31149,"43.595,1.3558",Pylône autostable,"32,8m",TOTEM,2025-12-30,ALL,,False,True
1777494,FREE MOBILE,LTE 900,RUE DU COMMERCE EGLISE PRÈS D27 42540 ST JUST LA PENDUE,42249,"45.8961,4.2444",Monument religieux,"27,4m","Commune, communauté de communes",2025-12-30,ALL,,False,False
1793162,FREE MOBILE,LTE 900, (NEGADIS) 30310 VERGEZE,30344,"43.7181,4.2403",Pylône autostable,"32,5m",TDF,2025-12-30,ALL,,False,False
1865332,FREE MOBILE,"LTE 1800, 5G NR 3500",12 RUE COLBERT ZI DE L'ECARTELÉE 35300 FOUGERES,35115,"48.3419,-1.1828",Pylône autostable,32m,CELLNEX,2025-12-30,ALL,,False,True
1869297,FREE MOBILE,LTE 900,24 R NORMANDIE NIEMEN 01100 OYONNAX,01283,"46.2575,5.6464",Immeuble,"46,5m","Copropriété, Syndic, SCI",2025-12-30,ALL,,False,False
1870229,FREE MOBILE,"LTE 2100, 5G NR 700",105 R D'ANOR RÉSIDENCE HLM DE TOURCOING 59200 TOURCOING,59599,"50.7244,3.1372",Immeuble,"20,5m",Société HLM,2025-12-31,ALL,,False,False
1903038,FREE MOBILE,5G NR 3500,32 RUE MADELEINE CHARTIER (CITE DU CLOS D ARCY) 78300 POISSY,78498,"48.9275,2.0508",Immeuble,"36,1m",Société HLM,2025-12-30,ALL,,False,False
1935731,FREE MOBILE,LTE 900,13 RUE AMSTERDAM NIVEAU LIGNE 12 (METRO ST-LAZARE L12) 75008 PARIS 08,75108,"48.8758,2.3244",Intérieur sous-terrain,1m,RATP,2025-12-30,ALL,,False,False
1942390,FREE MOBILE,LTE 900,CHEMIN DES PERRETTES 18200 ORCENAIS,18171,"46.7203,2.4219",Pylône autostable,"31,8m",ON TOWER FRANCE,2025-12-30,ALL,,False,False
1954075,FREE MOBILE,UMTS 900,AVENUE DE LA PLAINE DE FRANCE 95500 GONESSE,95277,"48.9764,2.4975",Pylône tubulaire,16m,ON TOWER FRANCE,2026-06-30,SUP,,False,False
1962071,FREE MOBILE,5G NR 3500, (BOIS DE VECKRING) 57310 GUENANGE,57269,"49.3031,6.2028",Château d'eau - réservoir,"28,5m","Syndicat des eaux, Adduction",2025-12-30,ALL,,False,False
1966355,FREE MOBILE,"LTE 1800, 5G NR 3500",SEN DE BOURNIVAL 78170 LA CELLE ST CLOUD,78126,"48.86,2.1464",Château d'eau - réservoir,24m,"Syndicat des eaux, Adduction",2025-12-30,ALL,,False,True
1975505,FREE MOBILE,LTE 900,133 RUE PIERRE LEGRAND (METRO L1 STATION FIVES) 59800 LILLE,59350,"50.6333,3.0903",Intérieur sous-terrain,0m,Société Privée,2025-12-30,ALL,,False,False
2005622,FREE MOBILE,LTE 900,22 RUE BEAUBOURG (METRO RAMBUTEAU) 75003 PARIS 03,75103,"48.8611,2.3539",Intérieur sous-terrain,0m,RATP,2025-12-30,ALL,,False,False
2027817,FREE MOBILE,LTE 2100,R DU 503° RÉGIMENT DU TRAIN ZA DES PORTES OCEANES 33127 MARTIGNAS SUR JALLE,33273,"44.8317,-0.7711",Pylône autostable,37m,TOTEM,2025-12-30,ALL,,False,False
2048908,FREE MOBILE,"LTE 1800, 5G NR 3500",AV LOUIS LACHENAL R ANTONIO VIVALDI PARC INTERCOMMUNAL DES SPORTS (PARC INTERCOMMUNAL DES SPORTS) 91280 ST PIERRE DU PERRAY,91573,"48.6097,2.5136",Pylône tubulaire,40m,TOTEM,2025-12-30,ALL,,False,True
2052507,FREE MOBILE,LTE 900,44 RUE DU CARDINAL LEMOINE ANGLE RUE MONGE (MÉTRO CARDINAL LEMOINE L8) 75005 PARIS 05,75105,"48.8469,2.3517",Intérieur sous-terrain,0m,RATP,,AJO,,False,False
2056745,FREE MOBILE,5G NR 3500,RUE JEAN COCTEAU 76330 PORT JEROME SUR SEINE,76476,"49.4875,0.5806",Pylône tubulaire,"15,9m",ON TOWER FRANCE,2025-12-30,ALL,,False,False
2075405,FREE MOBILE,LTE 900,PLACE JACQUES BAINVILLE (MÉTRO SOLFERINO) 75007 PARIS 07,75107,"48.8581,2.3231",Intérieur sous-terrain,0m,RATP,2025-12-30,ALL,,False,False
2091172,FREE MOBILE,UMTS 900,METRO DURANDY 06300 NICE,06088,"43.7014,7.2717",Tunnel,0m,"Commune, communauté de communes",2019-06-05,EXT,,False,False
2097098,FREE MOBILE,LTE 900,2 RUE DE LILLE 92200 NEUILLY SUR SEINE,92051,"48.8942,2.275",Immeuble,"33,4m",Société HLM,2025-12-30,ALL,,False,False
2112204,FREE MOBILE,5G NR 3500,42 RUE GEORGES CLEMENCEAU BRASSERIE DE CLERK 80200 PERONNE,80620,"49.9317,2.9369",Bâtiment,21m,Particulier,2025-12-30,ALL,,False,False
2118965,FREE MOBILE,5G NR 3500,36 RUE DE LA PRINCESSE 78430 LOUVECIENNES,78350,"48.8636,2.1242",Immeuble,25m,"Copropriété, Syndic, SCI",2025-12-30,ALL,,False,False
2136581,FREE MOBILE,5G NR 3500,CHEMIN DE L EGLISE 42170 CHAMBLES,42042,"45.4414,4.2411",Monument religieux,"12,6m","Commune, communauté de communes",2025-12-31,ALL,,False,False
2146005,FREE MOBILE,"LTE 1800, 5G NR 3500",RTE DU PAVILLON DE L'ABBÉ COMPLEXE SPORTIF MARCEL BEC 92360 MEUDON,92048,"48.8094,2.2147",Pylône tubulaire,30m,SFR,2025-12-30,ALL,,False,True
2183716,FREE MOBILE,LTE 900,CHEMIN DES MARTELLIERES DE PONT DE CRAU 13280 ARLES,13004,"43.6578,4.6511",Pylône autostable,"28,7m",ON TOWER FRANCE,2025-12-30,ALL,,False,False
2195081,FREE MOBILE,UMTS 900,20 RUE MARC SANGNIER 93190 LIVRY GARGAN,93046,"48.9253,2.5467",Bâtiment,"19,5m","Copropriété, Syndic, SCI",2026-06-30,SUP,,False,False
2271622,FREE MOBILE,UMTS 900,24 CHEMIN DES NOUES HIPPODROME DE CHALLANS 85300 CHALLANS,85047,"46.8306,-1.8869",Pylône autostable,39m,TOTEM,2026-06-30,SUP,,False,False
2284051,FREE MOBILE,LTE 900,3 COMMANDANT LE COUTOUR 14000 CAEN,14118,"49.1936,-0.3772",Immeuble,"18,5m","Copropriété, Syndic, SCI",2025-12-30,ALL,,False,False
2293830,FREE MOBILE,LTE 900,PRÈS D57 ROUTE DE ST JEAN TROLIMON (KERYAN) 29720 PLONEOUR LANVERN,29174,"47.8908,-4.2958",Pylône autostable,30m,ATC FRANCE,2025-12-30,ALL,,False,False
2321692,FREE MOBILE,LTE 900,RUE DE LEUR MIN PARC NEVEZ (LEUR MIN) 22710 PENVENAN,22166,"48.8233,-3.2931",Pylône autostable,30m,TOTEM,2025-12-30,ALL,,False,False
2516300,FREE MOBILE,UMTS 900,STATION DE SKI LA MOULIERE (ENTREMUAILLE ET L'AUPS) 06750 CAILLE,06028,"43.7556,6.7789",Pylône autostable,12m,PHOENIX FRANCE INFRASTRUCTURES,2025-12-30,ALL,,True,False
2518933,FREE MOBILE,UMTS 900,RUE PAULINE DE LEZARDIERE D1753 (LA GAZONNIERE) 85300 CHALLANS,85047,"46.8408,-1.8803",Pylône tubulaire,"31,3m",FREE-MOBILE,2026-06-30,SUP,,False,False
2532699,FREE MOBILE,"LTE 700, LTE 2100, 5G NR 700",79 CHEMIN DU VALLON DES TUVES HÔPITAL NORD 13015 MARSEILLE 15,13215,"43.37,5.3689",Immeuble,34m,Société HLM,2025-12-30,ALL,,False,False
2536432,FREE MOBILE,UMTS 900,CHEMIN DES GENÊTS 85300 CHALLANS,85047,"46.845,-1.9056",Pylône autostable,"37,9m",ON TOWER FRANCE,2026-06-30,SUP,,False,False
2548889,FREE MOBILE,"LTE 1800, 5G NR 3500",AVENUE DU MARECHAL LYAUTEY D30 A14 78300 POISSY,78498,"48.9203,2.0333",Immeuble,"19,5m",Société HLM,2025-12-30,ALL,,False,True
2562702,FREE MOBILE,UMTS 900,CHEMIN DES CARRIÈRES 60127 FRESNOY LA RIVIERE,60260,"49.2825,2.94",Pylône autostable,30m,SFR,2025-12-30,ALL,,True,False
2619039,FREE MOBILE,LTE 900,11 CHEMIN DE L ORMOIS 77660 CHANGIS SUR MARNE,77084,"48.9642,3.0125",Pylône tubulaire,30m,SFR,2025-12-30,ALL,,False,False
2633682,FREE MOBILE,5G NR 3500,CHEMIN DU SALIN 38200 VILLETTE DE VIENNE,38558,"45.5772,4.9203",Pylône autostable,"31,3m",TDF,2025-12-30,ALL,,False,False
2640021,FREE MOBILE,LTE 1800,ROUTE DE SAINT GOUSSAUD D28 (LES BOUIGES) 87370 LAURIERE,87083,"46.0694,1.4892",Pylône autostable,36m,ATC FRANCE,2025-12-30,ALL,,False,True
2655552,FREE MOBILE,"LTE 1800, LTE 2600",TENEMENT DE ROCHE HENRI ROUTE DE LA LONGÉE (LA ROCHE HENRI) 85220 LANDEVIEILLE,85120,"46.6331,-1.7939",Pylône autostable,"28,5m",BOUYGUES,2025-12-30,ALL,,False,True
2695181,FREE MOBILE,LTE 900,RTE DE L'APPARITION (LAS COMBES DIT LES PAILHES) 34230 ST BAUZILLE DE LA SYLVE,34241,"43.6069,3.5478",Pylône autostable,30m,TDF,2025-12-30,ALL,,False,False
2700952,FREE MOBILE,"LTE 1800, 5G NR 3500",RUE ROQUE DE FILLOL 92800 PUTEAUX,92062,"48.8856,2.2458",Immeuble,"20,9m","Copropriété, Syndic, SCI",2025-12-30,ALL,,False,True
2702244,FREE MOBILE,"LTE 1800, 5G NR 3500",32 RUE DES HULEUX (LA CERISAIE) 93240 STAINS,93072,"48.9592,2.3953",Pylône tubulaire,26m,CELLNEX,2025-12-30,ALL,,False,True
2725957,FREE MOBILE,UMTS 900,CHEM DE PIMAQUET (PIE ROULON) 83570 ENTRECASTEAUX,83051,"43.4897,6.2447",Pylône autostable,"38,5m",PHOENIX FRANCE INFRASTRUCTURES,2025-12-30,ALL,,True,True
2751047,FREE MOBILE,"LTE 1800, 5G NR 3500","1020, AVENUE DES COMBATTANTS D'AFRIQUE DU NORD 06240 BEAUSOLEIL",06012,"43.7467,7.4236",Immeuble,"16,4m",Société HLM,2025-12-30,ALL,,False,True
2754441,FREE MOBILE,5G NR 3500,RUE CHARLES BOUCTON CARREFOUR TINQUEUX 51430 TINQUEUX,51573,"49.255,3.9817",Pylône tubulaire,"24,9m",FREE-MOBILE,2025-12-30,ALL,,False,False
2769355,FREE MOBILE,LTE 900,RUE TOULOUSE LAUTREC (COTE DE DIEPPE) 76770 MALAUNAY,76402,"49.5314,1.0381",Pylône tubulaire,40m,ON TOWER FRANCE,2025-12-30,ALL,,False,False
2770555,FREE MOBILE,"LTE 1800, 5G NR 3500","63,67, RUE CARTIER BRESSON 93500 PANTIN",93055,"48.9017,2.4017",Immeuble,"17,6m",Société HLM,2025-12-30,ALL,,False,True
2778825,FREE MOBILE,"LTE 1800, 5G NR 3500",PLACE DU 8 MAI 1945 GARE DE PIERRELAYE 95480 PIERRELAYE,95488,"49.0194,2.1536",Bâtiment,"15,6m",SNCF,2025-12-30,ALL,,False,True
2795343,FREE MOBILE,UMTS 900,RUE DU PONT DES TOUCHES (LES CHAFFAUDS) 85390 CHAVAGNES LES REDOUX,85066,"46.7186,-0.9222",Pylône tubulaire,"31,2m",FREE-MOBILE,2023-11-13,EXT,,False,False
2802593,FREE MOBILE,LTE 900,62  RUE DU MARÉCHAL FOCH 57440 ALGRANGE,57012,"49.3644,6.0519",Bâtiment,"19,8m",Établissement de soins,2025-12-30,ALL,,False,False
2803359,FREE MOBILE,LTE 900,RUE DE LA TRAMONTANE 22100 TADEN,22339,"48.475,-2.0469",Pylône tubulaire,"43,3m",FREE-MOBILE,2025-12-30,ALL,,False,False
2814650,FREE MOBILE,"LTE 1800, 5G NR 3500",9 R FERNAND GUILBERT CHÂTEAU D EAU 59800 LILLE,59350,"50.645,2.9897",Château d'eau - réservoir,31m,"Commune, communauté de communes",2025-12-30,ALL,,False,True
2821340,FREE MOBILE,"LTE 900, LTE 1800, LTE 2100, LTE 2600", (METRO LA FOURRAGERE) 13012 MARSEILLE 12,13212,"43.3036,5.4208",Tunnel,1m,"Commune, communauté de communes",,AJO,,False,True
2828477,FREE MOBILE,5G NR 3500,2 VILLA OFFENBACH 91860 EPINAY SOUS SENART,91215,"48.6978,2.5222",Bâtiment,"31,3m",TDF,2025-12-30,ALL,,False,False
2828802,FREE MOBILE,"LTE 900, LTE 1800, LTE 2100, LTE 2600",PL DE LA GARE DE LA BLANCARDE (METRO LA BLANCARDE) 13012 MARSEILLE 12,13212,"43.2983,5.4108",Tunnel,1m,"Commune, communauté de communes",,AJO,,False,True
2829515,FREE MOBILE,"LTE 900, LTE 1800, LTE 2100, LTE 2600",6 RUE D'ORLÉANS (METRO LA TIMONE) 13005 MARSEILLE 05,13205,"43.2939,5.4036",Tunnel,1m,"Commune, communauté de communes",,AJO,,False,True
2829517,FREE MOBILE,"LTE 900, LTE 1800, LTE 2100, LTE 2600",24 RUE EMILE CAILLOL (METRO LOUIS ARMAND) 13012 MARSEILLE 12,13212,"43.3025,5.4156",Tunnel,1m,"Commune, communauté de communes",,AJO,,False,True
2829523,FREE MOBILE,"LTE 900, LTE 1800, LTE 2100, LTE 2600",46 R STE VICTOIRE (METRO ESTRANGIN 1/2) 13006 MARSEILLE 06,13206,"43.2861,5.3811",Tunnel,1m,"Commune, communauté de communes",,AJO,,False,True
2830604,FREE MOBILE,"LTE 900, LTE 1800, LTE 2100, LTE 2600",124 R PARADIS (METRO ESTRANGIN) 13006 MARSEILLE 06,13206,"43.2883,5.3789",Tunnel,1m,"Commune, communauté de communes",,AJO,,False,True
2830608,FREE MOBILE,"LTE 900, LTE 1800, LTE 2100, LTE 2600",54 R GRIGNAN (METRO VIEUX PORT) 13001 MARSEILLE 01,13201,"43.2919,5.3761",Tunnel,1m,"Commune, communauté de communes",,AJO,,False,True
2830610,FREE MOBILE,"LTE 900, LTE 1800, LTE 2100, LTE 2600",R HENRI BARBUSSE (METRO COLBERT) 13001 MARSEILLE 01,13201,"43.2978,5.3742",Tunnel,1m,"Commune, communauté de communes",,AJO,,False,True
2830616,FREE MOBILE,"LTE 900, LTE 1800, LTE 2100, LTE 2600",6 RUE SAINT BAZILE (METRO REFORMES-CANEBIERE) 13001 MARSEILLE 01,13201,"43.2997,5.3842",Tunnel,1m,"Commune, communauté de communes",,AJO,,False,True
2830620,FREE MOBILE,"LTE 900, LTE 1800, LTE 2100, LTE 2600",135 BD LONGCHAMP (METRO CINQ AVENUE LONGCHAMP) 13001 MARSEILLE 01,13201,"43.3033,5.3925",Tunnel,1m,"Commune, communauté de communes",,AJO,,False,True
2831171,FREE MOBILE,"LTE 900, LTE 1800, LTE 2100, LTE 2600",1 R PETRONE (METRO NATIONAL) 13003 MARSEILLE 03,13203,"43.3169,5.3731",Tunnel,1m,"Commune, communauté de communes",,AJO,,False,True
2831173,FREE MOBILE,"LTE 900, LTE 1800, LTE 2100, LTE 2600",60 TRAVERSE DU MOULIN DE LA VILLETTE (METRO DESIREE CLARY) 13003 MARSEILLE 03,13203,"43.3136,5.3731",Tunnel,1m,"Commune, communauté de communes",,AJO,,False,True
2831175,FREE MOBILE,"LTE 900, LTE 1800, LTE 2100, LTE 2600",42 AV ROGER SALENGRO (METRO DESIREE CLARY) 13003 MARSEILLE 03,13203,"43.3108,5.3739",Tunnel,1m,"Commune, communauté de communes",,AJO,,False,True
2831177,FREE MOBILE,"LTE 900, LTE 1800, LTE 2100, LTE 2600",29 R DESIREE CLARY (METRO JOLIETTE) 13002 MARSEILLE 02,13202,"43.3083,5.37",Tunnel,1m,"Commune, communauté de communes",,AJO,,False,True
2831183,FREE MOBILE,"LTE 900, LTE 1800, LTE 2100, LTE 2600",20 BD DUGOMMIER (METRO NOAILLES) 13001 MARSEILLE 01,13201,"43.2986,5.3811",Tunnel,1m,"Commune, communauté de communes",,AJO,,False,True
2831185,FREE MOBILE,"LTE 900, LTE 1800, LTE 2100, LTE 2600",42 COURS JULIEN (METRO NOTRE DAME DU MONT) 13006 MARSEILLE 06,13206,"43.2947,5.3825",Tunnel,1m,"Commune, communauté de communes",,AJO,,False,True
2832010,FREE MOBILE,"LTE 900, LTE 1800, LTE 2100, LTE 2600",12 R MARENGO (METRO NOTRE DAME DU MONT) 13006 MARSEILLE 06,13206,"43.2908,5.3842",Tunnel,6m,"Commune, communauté de communes",,AJO,,False,True
2832012,FREE MOBILE,"LTE 900, LTE 1800, LTE 2100, LTE 2600",144 COURS LIEUTAUD (METRO CASTELLANE) 13006 MARSEILLE 06,13206,"43.2883,5.3839",Tunnel,6m,"Commune, communauté de communes",,AJO,,False,True
2832014,FREE MOBILE,"LTE 900, LTE 1800, LTE 2100, LTE 2600",43 AVENUE DU PRADO (METRO CASTELLANE) 13006 MARSEILLE 06,13206,"43.2836,5.3853",Tunnel,1m,BOUYGUES,,AJO,,False,True
2832016,FREE MOBILE,"LTE 900, LTE 1800, LTE 2100, LTE 2600",185 AV DU PRADO (METRO ROND POINT DU PRADO) 13008 MARSEILLE 08,13208,"43.2775,5.3889",Tunnel,1m,"Commune, communauté de communes",,AJO,,False,True
2832018,FREE MOBILE,"LTE 900, LTE 1800, LTE 2100, LTE 2600",285 AV DU PRADO (METRO PRADO) 13008 MARSEILLE 08,13208,"43.2731,5.3914",Tunnel,1m,"Commune, communauté de communes",,AJO,,False,True
2832020,FREE MOBILE,"LTE 900, LTE 1800, LTE 2100, LTE 2600",56 BD MICHELET (METRO SAINTE MARGUERITE) 13008 MARSEILLE 08,13208,"43.2694,5.3942",Tunnel,1m,"Commune, communauté de communes",,AJO,,False,True
2838857,FREE MOBILE,"LTE 1800, 5G NR 3500",16 RUE PERCHEPINTE 31500 TOULOUSE,31555,"43.5975,1.4483",Bâtiment,"18,7m",Société Privée,2025-12-30,ALL,,False,True
2850823,FREE MOBILE,LTE 900,5 AVENUE DU PARC 33120 ARCACHON,33009,"44.6525,-1.1889",Pylône arbre,"32,1m",SFR,2025-12-30,ALL,,False,False
2855276,FREE MOBILE,LTE 2100,53 BOULEVARD DE CHINON 37300 JOUE LES TOURS,37122,"47.3533,0.6911",Bâtiment,22m,HIVORY,2025-12-30,ALL,,False,False
2859978,FREE MOBILE,UMTS 900,PONT DES ORMES PROLONGEMENT RUE DU BAS 88350 VILLOUXEL,88511,"48.3422,5.5861",Pylône autostable,"31,5m",BOUYGUES,2025-12-30,ALL,,True,False
2873196,FREE MOBILE,"LTE 1800, 5G NR 3500",RUE LOUIS MALLET 18000 BOURGES,18033,"47.0789,2.3864",Bâtiment,"28,6m","Copropriété, Syndic, SCI",2025-12-30,ALL,,False,True
2874271,FREE MOBILE,"LTE 2100, 5G NR 700",RUE KATIA ET MAURICE KRAFFT CIMETIÈRE 67200 STRASBOURG,67482,"48.6017,7.7256",Pylône tubulaire,"31,5m",FREE-MOBILE,2025-12-31,ALL,,False,False
2878373,FREE MOBILE,UMTS 900,PROCHE D142 (MONDERIE) 32330 LAURAET,32203,"43.9275,0.2678",Pylône autostable,"32,8m",FREE-MOBILE,2025-12-30,ALL,,True,False
2882845,FREE MOBILE,UMTS 900,ROUTE DÉPARTEMENTALE N 208 (LE COQUILLON) 26120 LA BAUME CORNILLANE,26032,"44.8286,5.0411",Pylône autostable,31m,SFR,2025-12-30,ALL,,True,False
2883549,FREE MOBILE,LTE 900,27 RUE DES LILAS 85700 POUZAUGES,85182,"46.7772,-0.8369",Pylône autostable,33m,FREE-MOBILE,2025-12-30,ALL,,False,False
2883821,FREE MOBILE,"LTE 1800, LTE 2600, 5G NR 3500",D56 (LES CINQ ROUTES) 49070 BEAUCOUZE,49020,"47.4839,-0.6414",Pylône autostable,39m,CELLNEX,2025-12-31,ALL,,False,True
2884019,FREE MOBILE,"LTE 1800, 5G NR 3500",55 RUE DE CHALAIS 94240 L HAY LES ROSES,94038,"48.7719,2.3297",Monument religieux,"16,5m","Commune, communauté de communes",2025-12-30,ALL,,False,True
2886082,FREE MOBILE,"LTE 1800, LTE 2600, 5G NR 3500",RUE DU STANCO (LE STANCO) 56520 GUIDEL,56078,"47.7892,-3.4942",Pylône tubulaire,"31,5m",FREE-MOBILE,2025-12-30,ALL,,False,True
2886907,FREE MOBILE,LTE 900,VOIE COMMUNALE CHEZ NORMANDIN 16250 CHAMPAGNE VIGNY,16075,"45.5142,0.0531",Pylône autostable,"32,6m",TDF,2025-12-30,ALL,,False,False
2887091,FREE MOBILE,5G NR 3500,STATION D'ÉPURATION (PRÉ BRUNET) 38160 ST ANTOINE L ABBAYE,38359,"45.1719,5.2225",Pylône autostable,30m,TOTEM,2025-12-30,ALL,,False,False
2888397,FREE MOBILE,LTE 900,PROCHE D33 (PUECH DE ROUSSES) 34290 COULOBRES,34085,"43.4433,3.2758",Pylône autostable,25m,ATC FRANCE,2025-12-30,ALL,,False,False
2895644,FREE MOBILE,"LTE 1800, LTE 2600, 5G NR 3500",12 CHEM DU BOIS D'AVAULT 49130 LES PONTS DE CE,49246,"47.4128,-0.5244",Pylône autostable,34m,CELLNEX,2025-12-30,ALL,,False,True
2899847,FREE MOBILE,5G NR 3500,23 R ANNE DE BRETAGNE 37700 LA VILLE AUX DAMES,37273,"47.3903,0.7669",Pylône autostable,34m,CELLNEX,2025-12-30,ALL,,False,False
2905983,FREE MOBILE,UMTS 900,CHEMIN COMMUNAL N°3 DE MAGNA SOPRANA (CROCIATA) 20248 ROGLIANO,2B261,"42.95,9.4158",Pylône autostable,15m,SFR,2025-12-30,ALL,,True,False
2912428,FREE MOBILE,LTE 700,PRÈS DU CHEMIN DU CHÂTEAU 47430 CALONGES,47046,"44.3769,0.2122",Pylône autostable,"44,6m",TDF,2025-12-29,ALL,,False,True
2914513,FREE MOBILE,"LTE 700, LTE 1800, 5G NR 3500",ROUTE DE FONTAGNAL (PUY SAINT-PIERRE) 26400 AOUSTE SUR SYE,26011,"44.7178,5.0619",Pylône autostable,"35,6m",ATC FRANCE,2025-12-30,ALL,,False,False
2915456,FREE MOBILE,"LTE 1800, 5G NR 3500",12 AVENUE LOUIS LUC 94600 CHOISY LE ROI,94022,"48.7617,2.4142",Immeuble,"22,3m",Société HLM,2025-12-30,ALL,,False,True
2916130,FREE MOBILE,"LTE 1800, 5G NR 3500",5 RUE D'EFFIAT 63100 CLERMONT FERRAND,63113,"45.7856,3.1039",Immeuble,"19,9m",Société HLM,2025-12-30,ALL,,False,True
2924503,FREE MOBILE,"LTE 700, LTE 2100",136 RUE DU MONT BLANC 01630 ST GENIS POUILLY,01354,"46.2553,6.03",Pylône tubulaire,"31,4m",FREE-MOBILE,2025-12-30,ALL,,False,False
2927500,FREE MOBILE,LTE 900,37 RUE DU CHEMIN VERT 62880 ESTEVELLES,62311,"50.4728,2.9047",Pylône autostable,"25,3m",FREE-MOBILE,2025-12-30,ALL,,False,False
2932056,FREE MOBILE,LTE 900,BORD ARIÈGE PYLONE OUEST (PONT CERDA) 09390 L HOSPITALET PRES L ANDORRE,09139,"42.5769,1.7917",Pylône autostable,"42,5m",Sociétés d'Autoroutes,2025-12-30,ALL,,False,False
2933362,FREE MOBILE,"LTE 1800, LTE 2600",LA COUTRONNE 13390 AURIOL,13007,"43.3278,5.6792",Pylône autostable,46m,SFR,2025-12-31,ALL,,False,True
2934144,FREE MOBILE,"LTE 1800, LTE 2600, 5G NR 3500",CHEMIN DE BEAUREGARD 31500 TOULOUSE,31555,"43.5956,1.3994",Immeuble,"39,1m",Société HLM,2025-12-30,ALL,,False,True
2935247,FREE MOBILE,"LTE 1800, LTE 2600, 5G NR 3500",22 RUE BLAISE PASCAL 35580 GUICHEN,35126,"47.9631,-1.8136",Pylône autostable,32m,CELLNEX,2025-12-30,ALL,,False,True
2935263,FREE MOBILE,"LTE 1800, 5G NR 3500",22 RESIDENCE DU CHENE (PARC MUNICIPAL ARTHUR CHAUSSY) 77380 COMBS LA VILLE,77122,"48.6633,2.5786",Pylône arbre,36m,CELLNEX,2025-12-30,ALL,,False,True
2936006,FREE MOBILE,UMTS 900,CHEMIN DE LA CHAUX (CHAUX PIZADE) 63340 CHALUS,63074,"45.4597,3.2008",Pylône autostable,36m,SFR,2025-12-30,ALL,,True,False
2939511,FREE MOBILE,"LTE 1800, 5G NR 3500",9 RUE EVARISTE GALLOIS 93110 ROSNY SOUS BOIS,93064,"48.8622,2.4872",Immeuble,"32,3m",Société HLM,2025-12-30,ALL,,False,True
2939523,FREE MOBILE,LTE 2100,RUE DE L'ANJOU 49300 CHOLET,49099,"47.0772,-0.8425",Pylône autostable,33m,NEXT TOWER,2025-12-30,ALL,,False,False
2939537,FREE MOBILE,"LTE 700, LTE 2100",371 RUE DE MEAUX 93410 VAUJOURS,93074,"48.9386,2.5961",Pylône tubulaire,24m,FREE-MOBILE,2025-12-30,ALL,,False,False
2947465,FREE MOBILE,UMTS 900,RD 50 (ARRIOUX) 65700 SAUVETERRE,65412,"43.4758,0.1258",Pylône autostable,36m,TDF,2025-12-30,ALL,,True,False
2948659,FREE MOBILE,UMTS 900,1 CHEMIN DU CHATEAU D'EAU (LE VILLAGE) 11330 MAISONS,11213,"42.9278,2.6336",Pylône autostable,9m,BOUYGUES,2025-12-30,ALL,,True,False
2952037,FREE MOBILE,"LTE 1800, 5G NR 3500",RUE DES TILLEULS 70200 LURE,70310,"47.6825,6.5194",Pylône tubulaire,30m,TOTEM,2025-12-30,ALL,,False,True
2952684,FREE MOBILE,"LTE 700, 5G NR 3500",3 RUE EDOUARD SYLVESTRE 93270 SEVRAN,93071,"48.9339,2.5367",Immeuble,16m,"Copropriété, Syndic, SCI",2025-12-30,ALL,,False,False
2953029,FREE MOBILE,"LTE 700, LTE 2100",66/72 RUE MARCEAU 93100 MONTREUIL,93048,"48.8519,2.4253",Bâtiment,29m,Société Privée,2025-12-30,ALL,,False,False
2954180,FREE MOBILE,LTE 900,ROCADE MINIERE (LES BAILLONS NORD) 59171 ERRE,59203,"50.3442,3.3056",Pylône autostable,"32,8m",FREE-MOBILE,2025-12-30,ALL,,False,False
2954810,FREE MOBILE,"LTE 1800, 5G NR 3500",CHE DE SAINTE ANNE LES MARRES EST 83350 RAMATUELLE,83101,"43.2528,6.6461",Pylône tubulaire,12m,FREE-MOBILE,2025-12-30,ALL,,False,True
2958597,FREE MOBILE,LTE 900,ROUTE DE JARNÈGUES VOIE COMMUNALE 4 DE JONQUIERES A MEYNES (JARNÈGUES) 30300 JONQUIERES ST VINCENT,30135,"43.8397,4.5481",Pylône tubulaire,32m,TDF,2025-12-30,ALL,,False,False
2958777,FREE MOBILE,"LTE 700, LTE 2100",A13 (LES GRAVIERS) 78200 BUCHELAY,78118,"48.9853,1.6708",Pylône autostable,"31,8m",FREE-MOBILE,2025-12-30,ALL,,False,False
2961353,FREE MOBILE,LTE 2600, (LE BOIS LOHIN) 56800 AUGAN,56006,"47.9219,-2.2481",Pylône autostable,"38,6m",TDF,2025-12-30,ALL,,False,True
2961359,FREE MOBILE,LTE 900,2 AVENUE DU GENERAL DE GAULLE 77090 COLLEGIEN,77121,"48.8394,2.6619",Pylône tubulaire,"21,5m",NEXT TOWER,2025-12-30,ALL,,False,False
2963971,FREE MOBILE,"LTE 700, 5G NR 700",1 KERGARADEC (KERGONGUY BIAN PARC AR GRO) 29440 TREFLAOUENAN,29285,"48.6208,-4.0881",Pylône autostable,33m,ATC FRANCE,2025-12-30,ALL,,False,False
2965471,FREE MOBILE,LTE 900,817 CHEMIN DE LA PIERRE BLANCHE (LES NARTIERES) 83210 LA FARLEDE,83054,"43.1606,6.0308",Pylône autostable,18m,TOTEM,2025-12-30,ALL,,False,False
2965512,FREE MOBILE,5G NR 3500,4 RUE DE LA VALLÉE D'ANGUIN COOPÉRATIVE AGRICOLE (LA VALLÉE D'AUGUIN) 86800 ST JULIEN L ARS,86226,"46.5611,0.5078",Bâtiment,35m,"Commune, communauté de communes",2025-12-30,ALL,,False,False
2967518,FREE MOBILE,"LTE 1800, 5G NR 3500",10 BOULEVARD SAINT-MICHEL (QUARTIER LATIN) 75006 PARIS 06,75106,"48.8525,2.3433",Immeuble,"26,1m",Société Privée,2025-12-30,ALL,,False,True
2969486,FREE MOBILE,UMTS 900,RUE DE LA CHAUMELLE (LES OUCHES) 41290 VIEVY LE RAYE,41273,"47.8522,1.2992",Pylône autostable,37m,BOUYGUES,2025-12-30,ALL,,True,False
2972704,FREE MOBILE,"LTE 700, 5G NR 700",LA COSSONNIERE PROCHE DE LA A83 85140 ESSARTS EN BOCAGE,85084,"46.7975,-1.1975",Pylône autostable,"32,6m",TDF,2025-12-30,ALL,,False,False
2974352,FREE MOBILE,"LTE 1800, LTE 2600, 5G NR 3500",79 R ST MÉLAINE BOULEVARD DE L'INDUSTRIE 53000 LAVAL,53130,"48.0719,-0.7492",Pylône autostable,32m,TOTEM,2025-12-30,ALL,,False,True
2975058,FREE MOBILE,LTE 900,STADA DI SARTE (BOCCA DI A TESTA) 20114 FIGARI,2A114,"41.4706,9.0961",Pylône autostable,"11,9m",FREE-MOBILE,2025-12-30,ALL,,False,False
2988620,FREE MOBILE,UMTS 900,PROLONGEMENT DE LA RUE DES ANGES (LE CLOS BADOUX) 60400 CAISNES,60118,"49.5164,3.0664",Pylône autostable,36m,TOTEM,2025-12-30,ALL,,True,True
2989170,FREE MOBILE,UMTS 900,6 IMPASSE DU BOURG ÉGLISE NOTRE-DAME-DE-L'ASSOMPTION 71510 ESSERTENNE,71191,"46.8128,4.5447",Monument religieux,19m,"Commune, communauté de communes",2025-12-30,ALL,,True,False
2989516,FREE MOBILE,"LTE 1800, 5G NR 3500",ROUTE DU DOCTEUR J PAUL DE ROCCA SERRA (VAZZIO) 20167 AJACCIO,2A004,"41.9314,8.7861",Pylône autostable,22m,TOTEM,2025-12-30,ALL,,False,True
2991712,FREE MOBILE,"LTE 1800, 5G NR 3500",3 SQUARE DU BERRY 77100 MEAUX,77284,"48.9522,2.9206",Bâtiment,29m,Société HLM,2025-12-30,ALL,,False,True
2992027,FREE MOBILE,"LTE 1800, 5G NR 3500",1 RUE THEOPHRASTE RENAUDOT (LES EGREZ) 54180 HOUDEMONT,54265,"48.6422,6.1797",Bâtiment,26m,Société Privée,2025-12-30,ALL,,False,True
2992037,FREE MOBILE,5G NR 3500,PROCHE ROUTE DE FOUGEROLLES (LE BOIS) 70280 RADDON ET CHAPENDU,70435,"47.8439,6.4653",Pylône autostable,"32,9m",FREE-MOBILE,2025-12-30,ALL,,False,False
2992043,FREE MOBILE,"LTE 1800, LTE 2600",9 BOULEVARD DE L OURCQ RÉSIDENCE LE CAPRICORNE 77270 VILLEPARISIS,77514,"48.9508,2.6003",Immeuble,"16,2m","Copropriété, Syndic, SCI",2025-12-31,ALL,,False,True
2992433,FREE MOBILE,"LTE 2600, 5G NR 3500",RUE DE LA ROQUEMAURE CLOS DE LA BORDE (LA BERGERIE) 45160 OLIVET,45232,"47.8425,1.8842",Pylône autostable,26m,TOTEM,2025-12-30,ALL,,False,True
2993469,FREE MOBILE,5G NR 3500,75 AVENUE VOLTAIRE GARCINS TADE PAUL MILLE 84470 CHATEAUNEUF DE GADAGNE,84036,"43.9303,4.9408",Pylône arbre,"26,2m",FREE-MOBILE,2025-12-30,ALL,,False,False
2995228,FREE MOBILE,LTE 900,9 RUE LE GOFF 75005 PARIS 05,75105,"48.8461,2.3414",Immeuble,31m,"Copropriété, Syndic, SCI",2025-12-30,ALL,,False,False
2995255,FREE MOBILE,UMTS 900,ROUTE DE LA FORET (LES ROIS) 45290 LES CHOUX,45096,"47.7986,2.6697",Pylône autostable,36m,BOUYGUES,2025-12-30,ALL,,True,False
2996117,FREE MOBILE,UMTS 900,EN FACE DE LA D511 (LA TÊTE RONDE) 58210 MENOU,58163,"47.3731,3.2725",Pylône autostable,"29,9m",TOTEM,2025-12-30,ALL,,True,False
2996327,FREE MOBILE,"LTE 1800, 5G NR 3500",11 BIS AVENUE DE LA LIBERTÉ 92400 COURBEVOIE,92026,"48.905,2.2686",Immeuble,"24,9m",Société Privée,2025-12-30,ALL,,False,True
2998129,FREE MOBILE,"LTE 700, LTE 1800, LTE 2100, LTE 2600, 5G NR 3500",15 AVENUE DE FONTAINEBLEAU 77310 ST FARGEAU PONTHIERRY,77407,"48.5286,2.5475",Immeuble,"19,7m",Société HLM,2025-12-30,ALL,,False,True
2998430,FREE MOBILE,"LTE 1800, LTE 2600, 5G NR 3500",3 RUE JEAN BAPTISTE CHARCOT (BECON LES BRUYERES) 92400 COURBEVOIE,92026,"48.8972,2.2647",Immeuble,28m,Société HLM,2025-12-30,ALL,,False,True
2998521,FREE MOBILE,LTE 900,2 RUE DES COTEAUX 51140 MUIZON,51391,"49.2731,3.9108",Pylône autostable,"38,5m",FREE-MOBILE,2025-12-30,ALL,,False,False
2998642,FREE MOBILE,UMTS 900,PROLONGEMENT ROUTE DE BILLANCOURT (LE BOIS MARCHÉ) 80700 RETHONVILLERS,80669,"49.7311,2.8733",Pylône autostable,24m,TOTEM,2025-12-30,ALL,,True,True
2999079,FREE MOBILE,"LTE 700, LTE 2100, 5G NR 3500",128 BIS RUE DU MAL DE LATTRE DE TASSIGNY (HAUT DE ORGNIES) 59128 FLERS EN ESCREBIEUX,59234,"50.3975,3.07",Pylône tubulaire,36m,TOTEM,2025-12-30,ALL,,False,False
2999391,FREE MOBILE,LTE 1800,PROCHE RUE FULGENCE BIENVENUE (LA CHAUMIERE) 22120 POMMERET,22246,"48.4758,-2.6175",Pylône autostable,"32,6m",TDF,2025-12-30,ALL,,False,True
3000484,FREE MOBILE,UMTS 900,ROUTE DE PIRON (POUY) 40190 BOURDALAT,40052,"43.8397,-0.2164",Pylône autostable,"42,5m",HIVORY,2025-12-30,ALL,,True,False
3001010,FREE MOBILE,LTE 900,AV DE LA FERME DES GODINIÈRES (PLAINE DES GODINIERES) 17160 MATHA,17224,"45.8644,-0.3033",Pylône autostable,36m,TOTEM,2025-12-30,ALL,,False,False
3001989,FREE MOBILE,"LTE 1800, 5G NR 3500",75 AVENUE DE LA CHÂTRE RÉSIDENCE LE BERRY 36000 CHATEAUROUX,36044,"46.8078,1.7075",Bâtiment,"28,7m","Copropriété, Syndic, SCI",2025-12-30,ALL,,False,True
3003134,FREE MOBILE,LTE 900,CHEMIN DE LA FIGAREDE (LES SYNDICS) 31700 CORNEBARRIEU,31150,"43.6442,1.3286",Pylône autostable,"32,8m",FREE-MOBILE,2025-12-30,ALL,,False,False
3003158,FREE MOBILE,5G NR 3500,30 RUE DU DOCTEUR KOCH 66100 PERPIGNAN,66136,"42.6631,2.8847",Bâtiment,"16,5m",Société Privée,2025-12-30,ALL,,False,False
3003518,FREE MOBILE,5G NR 3500,11 RUE DU STADE 79230 FORS,79125,"46.2344,-0.4036",Pylône tubulaire,30m,TOTEM,2025-12-30,ALL,,False,False
3004399,FREE MOBILE,"LTE 1800, LTE 2600",FOSSE SECHE 37250 VEIGNE,37266,"47.3108,0.7236",Pylône autostable,26m,CELLNEX,2025-12-30,ALL,,False,True
3005329,FREE MOBILE,"LTE 700, LTE 2100, 5G NR 3500",RUE HENRI BARBUSSE 00404 ERR CONV INSEE,69152,"45.695,4.8228",Pylône autostable,30m,CELLNEX,2025-12-30,ALL,,False,False
3006859,FREE MOBILE,"LTE 1800, 5G NR 3500",CHEM DES EGLANTIERS RTE DES SALINDRES 30340 ST PRIVAT DES VIEUX,30294,"44.1553,4.1117",Pylône tubulaire,20m,TOTEM,2025-12-30,ALL,,False,True
3007225,FREE MOBILE,"LTE 1800, 5G NR 3500",31 PLACE JULES GUESDE 2 RUE DU BON PASTEUR 13002 MARSEILLE 02,13202,"43.3022,5.3742",Immeuble,25m,"Copropriété, Syndic, SCI",2025-12-30,ALL,,False,True
3009445,FREE MOBILE,UMTS 900,ROUTE DE CAUVEL 48500 MASSEGROS CAUSSES GORGES,48094,"44.2506,3.2033",Pylône autostable,39m,FREE-MOBILE,2025-12-30,ALL,,True,False
3009504,FREE MOBILE,UMTS 900, (L'HUBAGON) 06750 SERANON,06134,"43.7694,6.6622",Pylône autostable,13m,CELLNEX,2025-12-30,ALL,,True,False
3013424,FREE MOBILE,UMTS 900,AU BORD DE LA ROUTE COMMUNALE DU COL DE LA MOLÈDE (LA MOLÈDE) 15300 ALBEPIERRE BREDONS,15025,"45.0819,2.8156",Pylône autostable,31m,TOTEM,2025-12-30,ALL,,True,False
3013450,FREE MOBILE,"LTE 1800, LTE 2600, 5G NR 3500",CHEMIN DU PUITS GERMAIN - D7 (PUITS GERMAIN) 13119 ST SAVOURNIN,13101,"43.4031,5.5339",Pylône autostable,20m,TOTEM,2025-12-30,ALL,,False,True
3013471,FREE MOBILE,LTE 900,54 RUE DE LA HAIE LE COMTE 54130 ST MAX,54482,"48.7108,6.2061",Immeuble,21m,Société Privée,2025-12-30,ALL,,False,False
3013482,FREE MOBILE,"LTE 1800, 5G NR 3500",RUE MONTAIGNE 62670 MAZINGARBE,62563,"50.4642,2.7572",Pylône autostable,24m,TOTEM,2025-12-30,ALL,,False,True
3014704,FREE MOBILE,"LTE 700, LTE 1800, LTE 2100, LTE 2600, 5G NR 3500",60 RUE SANKT GEORGEN (LES COLLINES DE VALESCURE) 83700 ST RAPHAEL,83118,"43.4528,6.8081",Pylône autostable,29m,TOTEM,2025-12-30,ALL,,False,True
3014766,FREE MOBILE,LTE 900,28 RUE DANTON 59195 HERIN,59302,"50.3514,3.4464",Pylône autostable,"31,5m",FREE-MOBILE,2025-12-30,ALL,,False,False
3015769,FREE MOBILE,UMTS 900,RUE DU MONT DE FOURCHE 51300 VITRY EN PERTHOIS,51647,"48.7544,4.6283",Pylône autostable,36m,ORANGE,2025-12-30,ALL,,True,True
3017579,FREE MOBILE,UMTS 900,CHEMIN RURAL N° 5 D'AVANT-LES-MARCILLY À TRAINEL 10400 SOLIGNY LES ETANGS,10370,"48.4114,3.5172",Pylône autostable,"46,5m",FREE-MOBILE,2025-12-30,ALL,,True,False
3017930,FREE MOBILE,"LTE 1800, 5G NR 3500",14 RUE ENTRE LES 2 PORTES 88000 EPINAL,88160,"48.1764,6.4519",Pylône arbre,7m,FREE-MOBILE,2025-12-30,ALL,,False,True
3018038,FREE MOBILE,UMTS 900,RUE DE GOUZEAUCOURT TESCAULT D15 (LES ARRENTEMENTS) 62147 TRESCAULT,62830,"50.0842,3.1",Pylône autostable,36m,TOTEM,2025-12-30,ALL,,True,True
3018648,FREE MOBILE,"LTE 1800, LTE 2600, 5G NR 3500",103 CHEMIN DES PRIMEVÈRES 73000 CHAMBERY,73065,"45.585,5.9103",Pylône autostable,39m,FREE-MOBILE,2025-12-30,ALL,,False,True
3018650,FREE MOBILE,"LTE 1800, 5G NR 3500",170 CORNICHE SAINT FERREOL (SAINT HONORAT) 83510 LORGUES,83072,"43.4975,6.3686",Pylône autostable,"25,4m",FREE-MOBILE,2025-12-30,ALL,,False,True
3019319,FREE MOBILE,"LTE 1800, 5G NR 3500",21 RUE JEAN VACHET (SAINT MARTIN) 34090 MONTPELLIER,34172,"43.5931,3.8828",Immeuble,"27,3m","Copropriété, Syndic, SCI",2025-12-30,ALL,,False,True
3020599,FREE MOBILE,UMTS 900,DÉPARTEMENTALE 806 PARKING DU RAVIN BLANC (LE RAVIN BLANC) 48000 CHASTEL NOUVEL,48042,"44.5694,3.4928",Pylône autostable,"38,9m",FREE-MOBILE,2025-12-30,ALL,,True,False
3020609,FREE MOBILE,"LTE 1800, 5G NR 3500",R DE STALINGRAD COMPLEXE SPORTIF BERR 62440 HARNES,62413,"50.4467,2.8989",Pylône tubulaire,"31,2m",TOTEM,2025-12-30,ALL,,False,True
3021059,FREE MOBILE,UMTS 900,RUE DU CIMETIÈRE 24300 AUGIGNAC,24016,"45.5933,0.6986",Pylône autostable,30m,FREE-MOBILE,2025-12-30,ALL,,True,False
3021063,FREE MOBILE,"LTE 1800, 5G NR 3500",CHEMIN DE LA MOTE (DOISOUS) 64800 ASSON,64068,"43.1683,-0.2547",Pylône autostable,"38,8m",FREE-MOBILE,2025-12-30,ALL,,False,True
3021099,FREE MOBILE,UMTS 900,CHEMIN DU PRE AU CURE (CHAMPS DE BORLAND) 89200 MAGNY,89235,"47.4719,3.9878",Pylône autostable,"36,5m",CELLNEX,2025-12-30,ALL,,True,False
3021682,FREE MOBILE,"LTE 1800, LTE 2600, 5G NR 3500",89 AV DE LA COUPIANE RÉSIDENCE LE PONANT 83160 LA VALETTE DU VAR,83144,"43.1328,5.9872",Immeuble,35m,"Copropriété, Syndic, SCI",2025-12-30,ALL,,False,True
3021798,FREE MOBILE,LTE 900,27 ROUTE D'ALBI (MAS DE LAS PLANES) 31240 ST JEAN,31488,"43.6633,1.4983",Bâtiment,14m,"Copropriété, Syndic, SCI",2025-12-30,ALL,,False,False
3021806,FREE MOBILE,"LTE 1800, 5G NR 3500",CHEMIN DU MAS ALART (LES BRUIXES) 66330 CABESTANY,66028,"42.6719,2.9528",Pylône autostable,21m,FREE-MOBILE,2025-12-30,ALL,,False,True
3021999,FREE MOBILE,"LTE 1800, LTE 2600, 5G NR 3500",6 BOULEVARD DU DOCTEUR SCHWEITZER 13540 AIX EN PROVENCE,13001,"43.5239,5.4308",Bâtiment,22m,Société HLM,2025-12-30,ALL,,False,True
3022556,FREE MOBILE,5G NR 3500,3 MONTÉE SAINT-SÉBASTIEN (GROS CAILLOUX) 69001 LYON 01,69381,"45.7742,4.835",Immeuble,27m,"Copropriété, Syndic, SCI",2025-12-30,ALL,,False,False
3024248,FREE MOBILE,"LTE 700, LTE 2100",277 ROUTE DE LANDRECIES 59330 HAUTMONT,59291,"50.2511,3.94",Pylône tubulaire,32m,TOTEM,2025-12-31,ALL,,False,False
3025191,FREE MOBILE,UMTS 900,CHEMIN RURAL DIT DES CHAVANNETTES (LES CHAVANNETTES) 74360 VACHERESSE,74286,"46.3292,6.6869",Pylône autostable,42m,SFR,2025-12-30,ALL,,True,False
3027115,FREE MOBILE,"LTE 1800, 5G NR 3500",CHEMIN DU PRADAOU STATION D'ÉPURATION (CENT NOYERS) 30111 CONGENIES,30091,"43.7717,4.1628",Pylône autostable,30m,FREE-MOBILE,2025-12-30,ALL,,False,True
3027987,FREE MOBILE,UMTS 900,CHEM DE LA LARE (L'ADRET) 83640 PLAN D AUPS STE BAUME,83093,"43.3406,5.6992",Pylône autostable,"20,5m",BOUYGUES,2025-12-30,ALL,,True,False
3028254,FREE MOBILE,UMTS 900,BOCNEUF LA FORET (LA CLOTURE DE BOCNEUF) 56120 FORGES DE LANOUEE,56102,"48.0097,-2.5844",Pylône haubané,45m,FREE-MOBILE,2025-12-30,ALL,,True,False
3029280,FREE MOBILE,"LTE 1800, 5G NR 3500",24 RUE ROULLET RÉSIDENCE LES BUISSONS 33800 BORDEAUX,33063,"44.8236,-0.5531",Mât,"19,1m","Copropriété, Syndic, SCI",2025-12-30,ALL,,False,True
3029292,FREE MOBILE,LTE 2100,1 RUE DE LA PAIX 57350 STIRING WENDEL,57660,"49.2067,6.9392",Bâtiment,"18,1m",Société HLM,2025-12-31,ALL,,False,False
3029318,FREE MOBILE,"LTE 700, LTE 2100",3 RUE DE LA MARIANNE RÉSIDENCE LA MARIANNE 33520 BRUGES,33075,"44.8789,-0.61",Immeuble,"14,8m",Société HLM,2025-12-30,ALL,,False,False
3029604,FREE MOBILE,"LTE 1800, 5G NR 3500",9 BOULEVARD COLI 13014 MARSEILLE 14,13214,"43.3417,5.3867",Pylône autostable,"14,3m",FREE-MOBILE,2025-12-30,ALL,,False,True
3030614,FREE MOBILE,LTE 900,285 AVENUE DU DOCTEUR SCHWEITZER 59500 DOUAI,59178,"50.3606,3.0708",Immeuble,33m,Société Privée,2025-12-30,ALL,,False,False
3032005,FREE MOBILE,UMTS 900,36 CHEMIN DE PECH LAQUET BOULODROME 46170 ST PAUL FLAUGNAC,46103,"44.2825,1.3922",Pylône autostable,24m,FREE-MOBILE,2025-12-30,ALL,,True,False
3033201,FREE MOBILE,"LTE 1800, 5G NR 3500",9 RUE THOMAS EDISON ZI NORD 77100 MEAUX,77284,"48.9644,2.9189",Pylône autostable,21m,TOTEM,2025-12-30,ALL,,False,True
3033928,FREE MOBILE,"LTE 1800, LTE 2600",10 BIS CHEMIN DES RIVIÈRES BD JEAN MOULIN (ZI DU CLOS BONNET) 49400 SAUMUR,49328,"47.2356,-0.0733",Pylône autostable,34m,TOTEM,2025-12-30,ALL,,False,True
3033974,FREE MOBILE,UMTS 900,CHEMIN RURAL DE MARCEL PROCHE DEPARTEMENTALE 25H (GOURGES) 31550 GAILLAC TOULZA,31206,"43.2364,1.4725",Pylône autostable,"37,2m",BOUYGUES,2025-12-30,ALL,,True,False
3034171,FREE MOBILE,UMTS 900,DEPUIS LA ROUTE DE MONPAZIER - D104 PUIS CHEMIN RURAL VERS MIGOU (MIGOU) 47210 ST MARTIN DE VILLEREAL,47256,"44.6489,0.8314",Pylône autostable,"36,3m",TOTEM,2025-12-30,ALL,,True,True
3034184,FREE MOBILE,UMTS 900,RUE DU CHATEAU D'EAU (MEURGINATTE) 90100 LEPUIX NEUF,90064,"47.545,7.1036",Pylône autostable,24m,TOTEM,2025-12-30,ALL,,True,True
3034766,FREE MOBILE,UMTS 900,CHEMIN RURAL DIT DU VAL DE ROULANS (COMBE CHAUDIERE) 25640 LA BRETENIERE,25092,"47.3694,6.2686",Pylône autostable,30m,TOTEM,2025-12-30,ALL,,True,True
3034991,FREE MOBILE,"LTE 700, LTE 2100",16-22 BOULEVARD BERNABO 13015 MARSEILLE 15,13215,"43.3367,5.3558",Immeuble,"41,5m","Copropriété, Syndic, SCI",2025-12-30,ALL,,False,False
3035009,FREE MOBILE,"LTE 700, LTE 2100",4-8 RUE MAX BAREL 69200 VENISSIEUX,69259,"45.6983,4.8978",Immeuble,"22,9m",Société HLM,2025-12-31,ALL,,False,False
3035523,FREE MOBILE,UMTS 900,RUE DES ROCHES (LA VERGNOLE ) 23240 CHAMBORAND,23047,"46.1592,1.5689",Pylône autostable,30m,TOTEM,2025-12-30,ALL,,True,False
3035713,FREE MOBILE,5G NR 3500,5 RUE DU COUTOUM RÉSIDENCE LES PIGUES 33260 LA TESTE DE BUCH,33529,"44.6272,-1.1389",Immeuble,"17,2m","Copropriété, Syndic, SCI",2025-12-30,ALL,,False,False
3036624,FREE MOBILE,"LTE 1800, LTE 2600, 5G NR 3500",102 ALLÉE DE LA CHÊNAIE (LA FONTAINE) 45770 SARAN,45302,"47.9544,1.8772",Bâtiment,"21,5m",Société HLM,2025-12-31,ALL,,False,True
3036636,FREE MOBILE,"LTE 1800, LTE 2600, 5G NR 3500",31-33 RUE ROUGET DE LISLE 92130 ISSY LES MOULINEAUX,92040,"48.8283,2.2664",Bâtiment,"35,8m","Copropriété, Syndic, SCI",2025-12-30,ALL,,False,True
3037203,FREE MOBILE,UMTS 900,2155 ROUTE MARCOTTE CAPBAT 64530 GER,64238,"43.2739,-0.0483",Pylône autostable,"31,7m",FREE-MOBILE,2025-12-30,ALL,,True,False
3038511,FREE MOBILE,LTE 900,10 RUE CHARLES ARNAULT 49300 CHOLET,49099,"47.0689,-0.8789",Immeuble,"24,8m","Copropriété, Syndic, SCI",2025-12-30,ALL,,False,False
3038674,FREE MOBILE,UMTS 900,RUE DE SAINTE GEMME PROCHE DE LA VOIE FERRÉE (LE PÂTIS DE L'ARC) 79330 LUCHE THOUARSAIS,79159,"46.9133,-0.3064",Pylône autostable,30m,ATC FRANCE,2025-12-30,ALL,,True,False
3039112,FREE MOBILE,"LTE 1800, LTE 2600, 5G NR 3500",BOULEVARD DE LA FOSSÉ 4 62980 VERMELLES,62846,"50.4878,2.7531",Pylône tubulaire,36m,CELLNEX,2025-12-30,ALL,,False,True
3039857,FREE MOBILE,LTE 900,114 CHEMIN DU BOIS JOLI (BOIS FLEUVANT) 38500 COUBLEVIE,38133,"45.3656,5.6081",Pylône autostable,30m,FREE-MOBILE,2025-12-30,ALL,,False,False
3039863,FREE MOBILE,"LTE 1800, 5G NR 3500",6 AVENUE DU HALLEY HOTEL COWOOL 59650 VILLENEUVE D ASCQ,59009,"50.6075,3.1519",Immeuble,"20,5m",Particulier,2025-12-30,ALL,,False,True
3041300,FREE MOBILE,"LTE 1800, 5G NR 3500",CHEMIN DE LA TAILLÉE (LA FOLIE) 85120 TERVAL,85289,"46.6569,-0.7478",Pylône autostable,36m,ATC FRANCE,2025-12-30,ALL,,False,True
3042043,FREE MOBILE,UMTS 900,ROUTE DES CABARRET (CARPIET) 47170 SOS,47302,"44.0289,0.1075",Pylône autostable,42m,FREE-MOBILE,2025-12-30,ALL,,True,False
3042487,FREE MOBILE,"LTE 1800, LTE 2600, 5G NR 3500",1 RUE LÉON BLUM 91130 RIS ORANGIS,91521,"48.6561,2.4108",Immeuble,50m,"Copropriété, Syndic, SCI",2025-12-30,ALL,,False,True
3042616,FREE MOBILE,LTE 900,ROUTE DE PRUILLE D50 (LES ZIARDS) 72550 FAY,72130,"48.0,0.0867",Pylône autostable,"42,4m",FREE-MOBILE,2025-12-30,ALL,,False,False
3043104,FREE MOBILE,"UMTS 900, LTE 700",PROCHE DE LA D50 (BOUSQUET) 15320 LORCIERES,15107,"44.9522,3.2781",Pylône autostable,42m,FREE-MOBILE,2025-12-29,ALL,,True,True
3043719,FREE MOBILE,"LTE 1800, 5G NR 3500",73 A-B-C-D RUE DU VAR (LA PLAINE) 63100 CLERMONT FERRAND,63113,"45.8078,3.1175",Immeuble,"18,7m","Copropriété, Syndic, SCI",2025-12-30,ALL,,False,True
3043725,FREE MOBILE,LTE 900,29 RUE DE L ORGEVAL (SAINT PIERRE EN VEUVE) 77120 COULOMMIERS,77131,"48.8022,3.0953",Pylône autostable,"19,5m",FREE-MOBILE,2025-12-30,ALL,,False,False
3044300,FREE MOBILE,"LTE 1800, 5G NR 3500",3  ALLÉE DE MONTGOLFIER 13800 ISTRES,13047,"43.5189,4.9614",Pylône autostable,20m,CELLNEX,2025-12-30,ALL,,False,True
3044371,FREE MOBILE,UMTS 900,CHEMIN LA RIBIERE DE CHANROIX PROCHE ROUTE DE NEXON DEPARTEMENTALE 15 (LES COUPES DE GORSAS) 87800 RILHAC LASTOURS,87124,"45.6703,1.1047",Pylône autostable,"30,5m",BOUYGUES,2025-12-30,ALL,,True,False
3044409,FREE MOBILE,LTE 700,ROUTE DE LA CHAPELLE THIREUIL STADE GERARD BEAURAIN (	) 79160 ST LAURS,79263,"46.5253,-0.5742",Pylône autostable,30m,"Commune, communauté de communes",2025-12-29,ALL,,True,True
3044577,FREE MOBILE,UMTS 900,ROUTE D'AVRIGNEY (LES VIGNOTTES) 70150 BRUSSEY,70102,"47.3053,5.8081",Pylône autostable,24m,TDF,2025-12-30,ALL,,True,True
3045034,FREE MOBILE,UMTS 900,RTE DE GUILLON A PERRIGNY (CONTREE DES PRESBEAUX) 89420 GUILLON TERRE PLAINE,89197,"47.5239,4.0969",Pylône autostable,36m,TDF,2025-12-30,ALL,,True,True
3045405,FREE MOBILE,UMTS 900,RUE DE LA MAIRIE (LE VERGER) 89210 PAROY EN OTHE,89288,"48.0328,3.5689",Pylône autostable,24m,TDF,2025-12-30,ALL,,True,True
3046097,FREE MOBILE,LTE 900,RUE DE LA CROIX ROUGE FORT DE CÔTE LORETTE (PIERRE MOLLON ET LA CHARETIERE) 69230 ST GENIS LAVAL,69204,"45.6983,4.7839",Pylône autostable,38m,HIVORY,2025-12-30,ALL,,False,False
3047136,FREE MOBILE,UMTS 900,D144 CAMPING DE SAINT SYMPHORIEN (LE TERRAY) 18190 ST SYMPHORIEN,18236,"46.8111,2.3028",Pylône autostable,42m,FREE-MOBILE,2025-12-30,ALL,,True,False
3047627,FREE MOBILE,LTE 900,35-37 RUE FRED SCAMARONI 14000 CAEN,14118,"49.1781,-0.3697",Bâtiment,"24,4m","Copropriété, Syndic, SCI",2025-12-30,ALL,,False,False
3048806,FREE MOBILE,UMTS 900,BODOU BIAN PARC PRAT AR MENE (LE BODOU) 29650 BOTSORHEL,29014,"48.4975,-3.62",Pylône autostable,24m,Particulier,2025-12-30,ALL,,True,True
3049418,FREE MOBILE,UMTS 900,ROUTE DE L'ABBAYE TERRAIN DU MOTO-CLUB D'OUVILLE BLANCHE ROQUE (LA LANDE) 50210 OUVILLE,50389,"49.01,-1.3683",Pylône autostable,30m,TOTEM,2025-12-30,ALL,,True,True
3051633,FREE MOBILE,"LTE 1800, 5G NR 3500",20 AVENUE ANTIDE BOYER 13400 AUBAGNE,13005,"43.2947,5.5647",Bâtiment,28m,Société HLM,2025-12-30,ALL,,False,True
3052551,FREE MOBILE,UMTS 900,830 ROUTE DE MAMERS (LE POIRIER JAUNE) 72400 LA CHAPELLE DU BOIS,72062,"48.2297,0.5828",Pylône autostable,"42,4m",FREE-MOBILE,2025-12-30,ALL,,True,False
3054055,FREE MOBILE,LTE 900,RUE DE L EPINETTE (LES COURTES RAIES) 77515 LA CELLE SUR MORIN,77063,"48.8003,2.9744",Pylône autostable,30m,TOTEM,2025-12-30,ALL,,False,False
3054707,FREE MOBILE,"LTE 1800, LTE 2600, 5G NR 3500",88 RUE DU CHÂTEAU 92100 BOULOGNE BILLANCOURT,92012,"48.8431,2.2431",Immeuble,"27,5m","Copropriété, Syndic, SCI",2025-12-30,ALL,,False,True
3055441,FREE MOBILE,LTE 2100,220 CHEMIN DE LA MORT DIMBERT (BONETY) 04100 MANOSQUE,04112,"43.84,5.7767",Pylône tubulaire,18m,FREE-MOBILE,2025-12-30,ALL,,False,False
3055445,FREE MOBILE,"UMTS 900, LTE 700",3492A ROUTE DU VOIRAZIER (FONTANILLE) 26100 ROMANS SUR ISERE,26281,"45.0814,5.0092",Pylône autostable,36m,FREE-MOBILE,2025-12-29,ALL,,True,True
3056733,FREE MOBILE,"LTE 1800, LTE 2600, 5G NR 3500",163 ROUTE D'AVIGNON 30200 BAGNOLS SUR CEZE,30028,"44.1606,4.6292",Pylône autostable,25m,TOTEM,2025-12-30,ALL,,False,True
3056907,FREE MOBILE,UMTS 900,CHEMIN COURBIER (PLAINE DE COURBIER) 07220 ST MONTAN,07279,"44.4147,4.6353",Pylône autostable,25m,CELLNEX,2025-12-30,ALL,,True,False
3058083,FREE MOBILE,"LTE 1800, 5G NR 3500",CHEMIN DES GENÈVRIERS COMPLEXE SPORTIF VALLON DU SOLEIL 83260 LA CRAU,83047,"43.1639,6.0906",Pylône arbre,"15,4m",FREE-MOBILE,2025-12-30,ALL,,False,True
3058393,FREE MOBILE,"LTE 1800, 5G NR 3500",46 RTE SOUS LES VIGNES PROCHE A89 (LA SUCHADE) 63430 LES MARTRES D ARTIERE,63213,"45.8286,3.2542",Pylône autostable,"25,3m",TOTEM,2025-12-30,ALL,,False,True
3058569,FREE MOBILE,UMTS 900,CHEMIN DE VITRANGE PARKING DU CIMETIÈRE 57690 GUINGLANGE,57276,"49.0739,6.5219",Pylône autostable,24m,TOTEM,2025-12-30,ALL,,True,True
3058749,FREE MOBILE,LTE 900,4 RUE DES CONDAMINES 01100 OYONNAX,01283,"46.2672,5.6525",Pylône autostable,"20,3m",TOTEM,2025-12-30,ALL,,False,False
3058868,FREE MOBILE,"LTE 700, LTE 2100, 5G NR 3500",9B RUE MARX DORMOY 69200 VENISSIEUX,69259,"45.7092,4.8844",Bâtiment,"18,7m",Société HLM,2025-12-30,ALL,,False,False
3059536,FREE MOBILE,5G NR 3500,RTE DE LA PUECHABON (SERANE) 34380 ARGELLIERS,34012,"43.7053,3.6647",Pylône autostable,30m,TDF,2025-12-30,ALL,,False,False
3059573,FREE MOBILE,UMTS 900, (LA TIEDENAIS) 44320 ST PERE EN RETZ,44187,"47.2367,-2.0489",Pylône autostable,"30,3m",BOUYGUES,2025-12-30,ALL,,True,False
3059596,FREE MOBILE,UMTS 900,PROCHE CHEMIN DE SERVICE (LA COSTE) 15400 VALETTE,15246,"45.2614,2.5992",Pylône autostable,42m,FREE-MOBILE,2025-12-31,ALL,,True,False
3060638,FREE MOBILE,UMTS 900, CHEMIN DE LA MONTRE 53240 PLACE,53179,"48.2558,-0.7761",Pylône autostable,"30,2m",TOTEM,2025-12-30,ALL,,True,True
3061671,FREE MOBILE,UMTS 900,CHEMIN DE ROUYRE (CROIX DU ROUYRE) 09600 LERAN,09161,"42.9836,1.9111",Pylône autostable,24m,TOTEM,2025-12-30,ALL,,True,False
3062100,FREE MOBILE,UMTS 900,18 CHEM DU CEUX 72300 NOTRE DAME DU PE,72232,"47.7247,-0.3283",Pylône autostable,"30,5m",BOUYGUES,2025-12-30,ALL,,True,False
3063132,FREE MOBILE,"LTE 1800, LTE 2600, 5G NR 3500",83 AVENUE DE PARIS 51100 REIMS,51454,"49.2478,4.0083",Immeuble,36m,FREE-MOBILE,2025-12-30,ALL,,False,True
3063462,FREE MOBILE,UMTS 900,PROCHE ROUTE DE SAINT-DONAT (PIEDMELION) 26260 ST BARDOUX,26294,"45.0939,4.9828",Pylône autostable,36m,FREE-MOBILE,2025-12-30,ALL,,True,False
3065363,FREE MOBILE,"LTE 1800, 5G NR 3500",CHEMIN DE MOUYSSAGUESE PROCHE A68 (MAGRE) 31380 GRAGNAGUE,31228,"43.6978,1.5686",Pylône autostable,40m,Sociétés d'Autoroutes,2025-12-30,ALL,,False,True
3066139,FREE MOBILE,"LTE 1800, 5G NR 3500",PROCHE ROUTE DE TOULOUSE (LA GRANGE) 31470 ST LYS,31499,"43.5161,1.1814",Pylône tubulaire,30m,FREE-MOBILE,2025-12-30,ALL,,False,True
3066153,FREE MOBILE,"LTE 1800, LTE 2600, 5G NR 3500",14 RUE DE PALI-KAO 75020 PARIS 20,75120,"48.87,2.3811",Immeuble,"22,4m",Société HLM,2025-12-30,ALL,,False,True
3067586,FREE MOBILE,LTE 900,CHEMIN LATIE PROCHE D95B (VIALES) 31320 PECHABOU,31409,"43.4964,1.4994",Pylône tubulaire,"26,5m",ATC FRANCE,2025-12-30,ALL,,False,False
3069633,FREE MOBILE,LTE 900,58 RUE GARIBALDI 94210 ST MAUR DES FOSSES,94068,"48.7967,2.4822",Immeuble,21m,Société HLM,2025-12-30,ALL,,False,False
3069676,FREE MOBILE,UMTS 900,EN FACE DE LA BARRE DE VUE (LA PIÈCE LONGUE CHÉMÉRÉ) 44680 CHAUMES EN RETZ,44005,"47.1744,-1.8975",Pylône autostable,30m,TOTEM,2025-12-30,ALL,,True,True
3070979,FREE MOBILE,UMTS 900,ROUTE DE SAINT GEORGES RUE DU STADE RD13 53700 COURCITE,53083,"48.2986,-0.2472",Pylône autostable,36m,ATC FRANCE,2025-12-30,ALL,,True,True
3071023,FREE MOBILE,UMTS 900,CHEMIN DES PATURAGES (TOTENWEG) 57380 ADELANGE,57008,"49.0053,6.6208",Pylône autostable,36m,TOTEM,2025-12-30,ALL,,True,True
3071759,FREE MOBILE,UMTS 900,ZAC DE LA MINÉE (ZI DU PUITS) 72500 LUCEAU,72173,"47.7178,0.3981",Pylône autostable,24m,TOTEM,2025-12-30,ALL,,True,False
3072130,FREE MOBILE,UMTS 900,PROCHE RUE DU STADE (LE MAS NADAL) 81250 MASSALS,81161,"43.8492,2.5214",Pylône autostable,36m,FREE-MOBILE,2025-12-30,ALL,,True,False
3072299,FREE MOBILE,UMTS 900,CHEMIN RURAL N°9 ROUTE DES GRANGES (LE CLERGÉ) 69240 ST VINCENT DE REINS,69240,"46.0958,4.3928",Pylône autostable,30m,TOTEM,2025-12-30,ALL,,True,True
3073551,FREE MOBILE,UMTS 900,ROUTE DE CHAUDEFONTAINE 88200 VECOUX,88498,"47.9678,6.6628",Pylône autostable,30m,TOTEM,2025-12-30,ALL,,True,True
3073625,FREE MOBILE,"LTE 1800, 5G NR 3500",8 AVENUE WOLFGANG AMADEUS MOZART 78260 ACHERES,78005,"48.9639,2.0553",Pylône autostable,24m,FREE-MOBILE,2025-12-30,ALL,,False,False
3075793,FREE MOBILE,LTE 900,ROUTE DES MARÉCHAUX (LES FRÉGONIÈRES) 16290 ASNIERES SUR NOUERE,16019,"45.7092,0.0669",Pylône autostable,"30,4m",TDF,2025-12-30,ALL,,False,False
3084547,FREE MOBILE,5G NR 3500,CHEMIN DE TAXO 66690 ST ANDRE,66168,"42.5569,2.9744",Pylône tubulaire,"36,1m",SFR,2025-12-30,ALL,,False,False
3086527,FREE MOBILE,UMTS 900,CHEM DES TOURTUIRES (TOURTOUIRE) 04270 BRAS D ASSE,04031,"43.9242,6.1325",Pylône autostable,31m,BOUYGUES,2025-12-30,ALL,,True,True
3087378,FREE MOBILE,UMTS 900,CAMI DETH HAYAU (L ARRIMOULA) 65190 OUEILLOUX,65346,"43.1658,0.1694",Pylône autostable,30m,FREE-MOBILE,2025-12-30,ALL,,True,False
3089685,FREE MOBILE,UMTS 900,280 CHEMIN DES EYGAS (LOMES) 07610 SECHERAS,07312,"45.1289,4.7744",Pylône autostable,36m,SFR,2025-12-30,ALL,,True,False
3091814,FREE MOBILE,"LTE 1800, 5G NR 3500",102 RUE DU MILIEU 59190 HAZEBROUCK,59295,"50.7156,2.5486",Pylône tubulaire,"31,6m",TOTEM,2025-12-30,ALL,,False,True
3093727,FREE MOBILE,"LTE 700, LTE 2100",RUE DE LA LUSS (LE KALBLIN) 68000 COLMAR,68066,"48.0683,7.3842",Pylône autostable,"45,3m","État, Ministère",2025-12-30,ALL,,False,False
3093878,FREE MOBILE,"LTE 1800, LTE 2600, 5G NR 3500",AVENUE DE LA ROQUETTE ZA DE BERRET 30200 BAGNOLS SUR CEZE,30028,"44.1558,4.6367",Pylône tubulaire,"24,6m",TOTEM,2025-12-30,ALL,,False,True
3094323,FREE MOBILE,UMTS 900,D9 JOURDIS (FALY SUD) 33430 GAJAC,33178,"44.4358,-0.1239",Pylône tubulaire,40m,SFR,2025-12-30,ALL,,True,False
3094416,FREE MOBILE,UMTS 900,D 129 (CHAMP ROSSIGNOL) 03240 LE THEIL,03281,"46.35,3.1261",Pylône autostable,31m,CELLNEX,2025-12-30,ALL,,True,False
3094660,FREE MOBILE,UMTS 900,1 ROUTE DE NANTOUARD 70100 ST LOUP NANTOUARD,70466,"47.4256,5.7244",Monument religieux,"31,7m","Commune, communauté de communes",2025-12-30,ALL,,True,False
3095878,FREE MOBILE,"LTE 1800, LTE 2600, 5G NR 3500",85 IMPASSE LOU BIOU (GIENS) 83400 HYERES,83069,"43.0397,6.1303",Bâtiment,"15,5m","Copropriété, Syndic, SCI",2025-12-30,ALL,,False,True
3096189,FREE MOBILE,UMTS 900,LES PUCETS 12 LOTISSEMENT PRIEUR 03220 TREZELLES,03291,"46.3264,3.5983",Pylône autostable,"24,5m",BOUYGUES,2025-12-30,ALL,,True,True
3097129,FREE MOBILE,"LTE 700, LTE 2100",12 AVENUE JEANNE D'ARC 93380 ST DENIS,93066,"48.9297,2.3656",Bâtiment,"23,2m",Société Privée,2025-12-30,ALL,,False,False
3100496,FREE MOBILE,UMTS 900,CHEMIN RURAL N°4 DE MAGRIE À BOURIÈGE (LE PRE LONG) 11300 MAGRIE,11211,"43.0239,2.1961",Pylône autostable,18m,TOTEM,2025-12-30,ALL,,True,True
3102199,FREE MOBILE,"LTE 1800, 5G NR 3500",29 BD NOTRE DAME DE SANTA CRUZ 13014 MARSEILLE 14,13214,"43.3394,5.4058",Bâtiment,"41,6m",Société HLM,2025-12-30,ALL,,False,True
3105834,FREE MOBILE,UMTS 900,D139 (LE CREUSSON) 50190 ST MARTIN D AUBIGNY,50510,"49.1594,-1.3475",Pylône autostable,31m,BOUYGUES,2025-12-30,ALL,,True,False
3105867,FREE MOBILE,UMTS 900, (LA LOUBE) 43170 SAUGUES,43234,"44.9275,3.4597",Pylône autostable,42m,SFR,2025-12-30,ALL,,True,False
3108402,FREE MOBILE,UMTS 900,PROCHE RUE DES ECOLES (LE BOURG) 86410 BOURESSE,86034,"46.3625,0.6042",Pylône autostable,30m,FREE-MOBILE,2025-12-30,ALL,,True,False
3108404,FREE MOBILE,"LTE 1800, 5G NR 3500",14 RUE DELTERAL 93310 LE PRE ST GERVAIS,93061,"48.885,2.4003",Immeuble,"23,5m",Société HLM,2025-12-30,ALL,,False,True
3111871,FREE MOBILE,UMTS 900,PROCHE DE RUE DU RÈC (LES ESPALANS) 66220 TRILLA,66216,"42.7378,2.5211",Pylône autostable,24m,SFR,2025-12-30,ALL,,True,False
3112214,FREE MOBILE,"LTE 1800, 5G NR 3500","8, AVENUE EMILE COSSONNEAU (LE CHENAY) 93220 GAGNY",93032,"48.8747,2.5572",Immeuble,23m,Société Privée,2025-12-30,ALL,,False,True
3112714,FREE MOBILE,UMTS 900,PRÈS DE LA D256A CHEMIN DI COMMUNALE À FARGETTES (CHALAYAT) 63600 BAFFIE,63027,"45.4789,3.8283",Pylône autostable,"29,9m",TOTEM,2025-12-30,ALL,,True,True
3114926,FREE MOBILE,UMTS 900,D454 IMP DES ACACIAS (FOND DE SANG ROY) 76910 TOUFFREVILLE SUR EU,76703,"49.9958,1.3342",Pylône autostable,42m,TDF,2025-12-30,ALL,,True,False
3115329,FREE MOBILE,UMTS 900,PROCHE ROUTE DE GANNAT D2209 (LYONNE) 03110 COGNAT LYONNE,03080,"46.1058,3.2692",Pylône autostable,30m,FREE-MOBILE,2025-12-30,ALL,,True,True
3115712,FREE MOBILE,UMTS 900,CHEMIN DES PRÈS 71960 FUISSE,71210,"46.2831,4.7525",Pylône autostable,"26,5m",ORANGE,2025-12-30,ALL,,True,True
3116137,FREE MOBILE,LTE 900,7 RUE RENÉ HENRI LEDUC (VILLOUVETTE) 91250 ST GERMAIN LES CORBEIL,91553,"48.6306,2.4958",Pylône tubulaire,"40,8m",CELLNEX,2025-12-30,ALL,,False,False
3119418,FREE MOBILE,"LTE 1800, LTE 2600, 5G NR 3500",AVENUE DU GÉNÉRAL DE GAULLE (LA PLAINE DU NOEUD VINCENT) 62520 LE TOUQUET PARIS PLAGE,62826,"50.5078,1.6064",Pylône tubulaire,36m,TOTEM,2025-12-30,ALL,,False,True
3120829,FREE MOBILE,LTE 900,LA NOUE LA DAME CHEMIN RURAL DIT DE L'ARMÉE 51530 CHOUILLY,51153,"49.02,4.0219",Pylône autostable,36m,TOTEM,2025-12-30,ALL,,False,False
3121444,FREE MOBILE,UMTS 900,PRES  RUE DU STADE (WALD) 57385 LAUDREFANG,57386,"49.0814,6.6464",Pylône autostable,42m,SFR,2025-12-30,ALL,,True,False
3122229,FREE MOBILE,UMTS 900,ROUTE DE LA HINGRIE 68660 ROMBACH LE FRANC,68283,"48.2978,7.2156",Pylône autostable,24m,TOTEM,2025-12-30,ALL,,True,True
3126743,FREE MOBILE,UMTS 900, (LA CHARITE) 04300 SIGONCE,04206,"44.0,5.8472",Pylône autostable,"12,8m",BOUYGUES,2025-12-30,ALL,,True,True
3129464,FREE MOBILE,UMTS 900,ROUTE DE LA CROIX 05400 CHABESTAN,05028,"44.4778,5.785",Pylône autostable,15m,TOTEM,2025-12-30,ALL,,True,True
3129856,FREE MOBILE,UMTS 900,ROUTE DE LUHUSOKO ERREPIDEA D119 (ERRAYTY SUD) 64640 HELETTE,64259,"43.3072,-1.2669",Pylône autostable,30m,SFR,2025-12-30,ALL,,True,False
3130381,FREE MOBILE,"LTE 1800, 5G NR 3500",06 RUE DE DIANE 95100 ARGENTEUIL,95018,"48.9453,2.2569",Bâtiment,"23,8m",Société HLM,2025-12-30,ALL,,False,True
3135445,FREE MOBILE,UMTS 900,CHEMIN RURAL DU PONT ROUTE DÉPARTEMENTALE D953 (LA CHAZÉE) 21330 MOLESME,21419,"47.9494,4.375",Pylône autostable,52m,SFR,2025-12-30,ALL,,True,False
3137633,FREE MOBILE,LTE 900,CHEMIN DU PORT 77240 SEINE PORT,77447,"48.5608,2.5606",Pylône autostable,36m,CELLNEX,2025-12-30,ALL,,False,False
3146031,FREE MOBILE,"LTE 1800, LTE 2600, 5G NR 3500",7 RUE LE CORBUSIER CITÉ LA CONTE 11000 CARCASSONNE,11069,"43.2131,2.37",Bâtiment,"15,4m",Société HLM,2025-12-30,ALL,,False,True
3146766,FREE MOBILE,UMTS 900,PROCHE DE RUE DES BORDES (SERRAT DEL CABRIDADOU) 66720 LANSAC,66092,"42.7708,2.5642",Pylône autostable,"30,3m",SFR,2025-12-30,ALL,,True,False
3171062,FREE MOBILE,"LTE 700, LTE 900, LTE 1800, LTE 2100, LTE 2600, 5G NR 700",CHEMIN DE CROZE 334 CHEMIN DE LA BOUISSIÈRE (ROQUEVENTRENNE) 84240 ANSOUIS,84002,"43.7344,5.475",Pylône autostable,25m,BOUYGUES,,AJO,,False,True
3182815,FREE MOBILE,"LTE 700, LTE 900, LTE 1800, 5G NR 700",ROUTE LE CLOS AU COQ DEPARTEMENTALE 10 (LA NOE MAFRAIS) 35720 MESNIL ROC H,35308,"48.4542,-1.8831",Pylône autostable,"37,5m",PHOENIX FRANCE INFRASTRUCTURES,,AJO,,False,True
3184884,FREE MOBILE,"LTE 1800, 5G NR 3500",12 RUE DES AVÉRIES ZA EST DE LANJOUAN 22400 LAMBALLE ARMOR,22093,"48.4806,-2.4944",Pylône autostable,35m,TOTEM,2025-12-30,ALL,,False,True
3194541,FREE MOBILE,"LTE 1800, 5G NR 3500",8 RÉSIDENCE JULES VALES 91180 ST GERMAIN LES ARPAJON,91552,"48.5975,2.2806",Bâtiment,"19,7m",Société HLM,2025-12-30,ALL,,False,True
3217777,FREE MOBILE,"LTE 1800, LTE 2600, 5G NR 3500",14 RUE DES TULIPES (LE THILLOT) 90500 BEAUCOURT,90009,"47.4892,6.9314",Pylône tubulaire,"22,2m",TOTEM,2025-12-30,ALL,,False,True
3244594,FREE MOBILE,"LTE 700, LTE 900, LTE 1800, LTE 2100, LTE 2600, 5G NR 700, 5G NR 3500",103 CHEMIN DE PEYROLET 07150 VALLON PONT D ARC,07330,"44.4081,4.3889",Pylône tubulaire,30m,FREE-MOBILE,,AJO,,False,True
3244596,FREE MOBILE,"UMTS 900, LTE 700",EGLISE SAINT PIERRE RUE DE L'EGLISE 09310 ASTON,09024,"42.7742,1.6744",Monument religieux,"32,1m","Commune, communauté de communes",,AJO,,True,True
3244606,FREE MOBILE,"LTE 700, LTE 900, LTE 1800, LTE 2100, LTE 2600, 5G NR 700, 5G NR 3500",55 RUE DE L'HOPITAL 17410 ST MARTIN DE RE,17369,"46.2014,-1.3669",Bâtiment,"15,5m","Commune, communauté de communes",,AJO,,False,True
3244624,FREE MOBILE,"LTE 700, LTE 900, LTE 1800, LTE 2100, LTE 2600, 5G NR 700, 5G NR 3500",BOULEVARD DE LA FORÊT 44500 LA BAULE ESCOUBLAC,44055,"47.2808,-2.3561",Pylône arbre,26m,FREE-MOBILE,,AJO,,False,True
3244626,FREE MOBILE,"LTE 700, LTE 900, LTE 1800, LTE 2100, LTE 2600, 5G NR 700, 5G NR 3500",923 ROUTE DE CONDOM (PETRE) 47600 NERAC,47195,"44.1194,0.3467",Pylône autostable,30m,FREE-MOBILE,,AJO,,False,True
3244632,FREE MOBILE,"LTE 700, LTE 900, LTE 1800, LTE 2100, LTE 2600, 5G NR 700, 5G NR 3500",13 AV DU ROCHER 50300 ST SENIER SOUS AVRANCHES,50554,"48.6778,-1.3347",Pylône autostable,"36,2m",FREE-MOBILE,,AJO,,False,True
3244636,FREE MOBILE,"LTE 700, LTE 900, LTE 1800, LTE 2100, LTE 2600, 5G NR 700, 5G NR 3500","155 RUE DU PRÉSIDENT COTY CENTRE HOSPITALIER DE TOURCOING, 59200 TOURCOING",59599,"50.7461,3.1817",Bâtiment,31m,Établissement de soins,,AJO,,False,True
3244638,FREE MOBILE,"LTE 700, LTE 900, LTE 1800, LTE 2100, LTE 2600, 5G NR 700, 5G NR 3500",PARCELLE COMMUNAUTÉ AGGLO COMPIEGNE RUE DU TOURTERET 60880 LE MEUX,60402,"49.36,2.7569",Pylône autostable,30m,FREE-MOBILE,,AJO,,False,True
3244640,FREE MOBILE,"LTE 700, LTE 900, LTE 1800, LTE 2100, LTE 2600, 5G NR 700",CHEMIN DE L'ECLEME (LE SART) 62350 ROBECQ,62713,"50.5897,2.5578",Pylône autostable,36m,FREE-MOBILE,,AJO,,False,True
3244642,FREE MOBILE,"LTE 700, LTE 900, LTE 1800, LTE 2100, LTE 2600, 5G NR 700, 5G NR 3500",ROUTE DE BAGATELLE (BAGATELLE) 62180 RANG DU FLIERS,62688,"50.4297,1.6072",Pylône autostable,"24,6m",TOTEM,,AJO,,False,True
3244644,FREE MOBILE,"LTE 700, LTE 900, LTE 1800, LTE 2100, LTE 2600, 5G NR 700, 5G NR 3500",1007 AVENUE DE BAGATELLE 62180 RANG DU FLIERS,62688,"50.4331,1.6075",Pylône arbre,36m,TOTEM,,AJO,,False,True
3244650,FREE MOBILE,"LTE 700, LTE 900, LTE 1800, LTE 2100, LTE 2600, 5G NR 700, 5G NR 3500",140 RUE DE L'AVIATION (LES FONTAINES) 69800 ST PRIEST,69290,"45.7217,4.9367",Pylône tubulaire,24m,FREE-MOBILE,,AJO,,False,True
3244652,FREE MOBILE,"LTE 700, LTE 1800, 5G NR 700",25 RUE DE SAINT JEAN 69005 LYON 05,69385,"45.7628,4.8278",Immeuble,"18,8m","Copropriété, Syndic, SCI",,AJO,,False,True
3244658,FREE MOBILE,"LTE 700, LTE 900, LTE 1800, LTE 2100, LTE 2600, 5G NR 700, 5G NR 3500",AVENUE RUE RENÉE CASSIN 77127 LIEUSAINT,77251,"48.6322,2.5672",Pylône autostable,42m,"Commune, communauté de communes",,AJO,,False,True
3244660,FREE MOBILE,"LTE 700, LTE 900, LTE 1800, LTE 2100, LTE 2600, 5G NR 700, 5G NR 3500",2 RUE HENRI PROU 78340 LES CLAYES SOUS BOIS,78165,"48.8206,1.9883",Bâtiment,"19,9m","Copropriété, Syndic, SCI",,AJO,,False,True
3244662,FREE MOBILE,"LTE 700, LTE 900, LTE 1800, LTE 2100, 5G NR 700",ROUTE NATIONALE (SOLE D'IVRY) 80700 LAUCOURT,80467,"49.6767,2.7697",Pylône autostable,"24,4m",FREE-MOBILE,,AJO,,False,True
3244826,FREE MOBILE,"LTE 700, LTE 900, LTE 1800, LTE 2100, LTE 2600, 5G NR 700, 5G NR 3500",56 RUE DE COUILLICQ EGLISE SAINT ETIENNE 40150 SOORTS HOSSEGOR,40304,"43.6636,-1.3944",Monument religieux,"32,7m","Commune, communauté de communes",,AJO,,False,True
3247582,FREE MOBILE,"LTE 1800, LTE 2600",CHEMIN DES CARRIERS RUE DE L EGLISE 27870 VESLY,27682,"49.2367,1.6608",Pylône tubulaire,36m,TDF,2025-12-30,ALL,,False,True
3247670,FREE MOBILE,"LTE 700, LTE 900, LTE 1800, LTE 2100, LTE 2600, 5G NR 700",PROCHE ROUTE DU MAGGESE (SANTO MICHÉLÉ) 20113 OLMETO,2A189,"41.7119,8.9247",Pylône arbre,"11,6m",FREE-MOBILE,,AJO,,False,True
3247672,FREE MOBILE,"LTE 700, LTE 900, LTE 1800, LTE 2100, LTE 2600, 5G NR 700, 5G NR 3500",187 CHEMIN DE BOUDOU 31140 LAUNAGUET,31282,"43.6608,1.4453",Pylône tubulaire,"25,4m",FREE-MOBILE,,AJO,,False,True
3247680,FREE MOBILE,"LTE 700, LTE 900, LTE 1800, 5G NR 700",ROUTE DE CABANAC (LE BRAYA) 33650 ST SELVE,33474,"44.6631,-0.4997",Pylône autostable,42m,FREE-MOBILE,,AJO,,False,True
3247682,FREE MOBILE,"LTE 700, LTE 900, LTE 1800, LTE 2100, LTE 2600, 5G NR 700",LA GALONNAIS LE CHAMP GRELAND 35250 CHEVAIGNE,35079,"48.2014,-1.6281",Pylône autostable,"40,4m",FREE-MOBILE,,AJO,,False,True
3247686,FREE MOBILE,"UMTS 900, LTE 700",CHEMIN DE PEYRAN (LANDES DE LAMIRANDE) 40500 MONTSOUE,40196,"43.715,-0.4972",Pylône autostable,"30,3m",FREE-MOBILE,,AJO,,True,True
3247688,FREE MOBILE,"LTE 700, LTE 900, LTE 1800, LTE 2100, LTE 2600, 5G NR 700, 5G NR 3500",RUE GEORGES CHARPAK ZAC DU VILLENEUVOIS (BOURDIEU BLANC) 47300 VILLENEUVE SUR LOT,47323,"44.3931,0.7556",Pylône tubulaire,30m,FREE-MOBILE,,AJO,,False,True
3247690,FREE MOBILE,"LTE 700, LTE 900, LTE 1800, 5G NR 700",L'ARDOISE 56220 LIMERZEL,56111,"47.6708,-2.3511",Pylône autostable,"32,3m",FREE-MOBILE,,AJO,,False,True
3247692,FREE MOBILE,"LTE 700, LTE 900, LTE 1800, LTE 2100, LTE 2600, 5G NR 700, 5G NR 3500",101 RUE DE L'HUMANITÉ (LE CALVAIRE) 59125 TRITH ST LEGER,59603,"50.3278,3.475",Pylône autostable,"25,5m",FREE-MOBILE,,AJO,,False,True
3247696,FREE MOBILE,"UMTS 900, LTE 700",BERGIEU LA RIVIERE DE SANT (LA CAPELETTE) 81110 DOURGNE,81081,"43.4792,2.165",Pylône autostable,15m,TDF,,AJO,,True,True
3247789,FREE MOBILE,"LTE 700, LTE 900, LTE 1800, LTE 2100, LTE 2600, 5G NR 700, 5G NR 3500",24 AV. DES MOUSQUETAIRES 94420 LE PLESSIS TREVISE,94059,"48.8222,2.5597",Bâtiment,"18,1m",Société Privée,,AJO,,False,True
3247793,FREE MOBILE,"LTE 700, LTE 900, LTE 1800, LTE 2100, LTE 2600, 5G NR 700, 5G NR 3500",35 RUE VICTOR MASSÉ 75009 PARIS 09,75109,"48.8808,2.3369",Immeuble,"34,3m",Société HLM,,AJO,,False,True
3248126,FREE MOBILE,"LTE 700, LTE 900, LTE 1800, LTE 2100, LTE 2600, 5G NR 700, 5G NR 3500","69 RUE JEAN JAURÈS, 03200 VICHY",03310,"46.1311,3.4233",Immeuble,"23,3m","Copropriété, Syndic, SCI",,AJO,,False,True
3248128,FREE MOBILE,"LTE 700, LTE 900, LTE 1800, LTE 2100, LTE 2600, 5G NR 700, 5G NR 3500",POINTE A GODEAU 28700 SAINVILLE,28363,"48.4228,1.8842",Pylône autostable,"18,8m",FREE-MOBILE,,AJO,,False,True
3248130,FREE MOBILE,"LTE 700, LTE 900, LTE 1800, LTE 2100, LTE 2600, 5G NR 700, 5G NR 3500",116 AVENUE NATIONALE 45430 CHECY,45089,"47.8969,2.0233",Mât,"11,7m",FREE-MOBILE,,AJO,,False,True
3248134,FREE MOBILE,"LTE 700, LTE 900, LTE 1800, LTE 2100, LTE 2600, 5G NR 700, 5G NR 3500",HERRBERG 57570 CATTENOM,57124,"49.4097,6.2167",Pylône autostable,"37,8m",FREE-MOBILE,,AJO,,False,True
3248230,FREE MOBILE,"LTE 700, LTE 900, LTE 1800, LTE 2100, LTE 2600, 5G NR 700, 5G NR 3500",451 AVENUE D'ITALIE / IMPASSE DE MALTE 82000 MONTAUBAN,82121,"43.9794,1.3264",Pylône autostable,24m,FREE-MOBILE,,AJO,,False,True
3248241,FREE MOBILE,"LTE 700, LTE 900, LTE 1800, LTE 2100, LTE 2600, 5G NR 700, 5G NR 3500",18 RUE DES MARAICHERS 33800 BORDEAUX,33063,"44.8225,-0.5461",Immeuble,"31,8m",Société HLM,,AJO,,False,True
3248249,FREE MOBILE,"LTE 700, LTE 900, LTE 1800, LTE 2100, LTE 2600, 5G NR 700, 5G NR 3500",10 RUE SEVESO 31150 FENOUILLET,31182,"43.6806,1.4072",Pylône tubulaire,30m,FREE-MOBILE,,AJO,,False,True
3248286,FREE MOBILE,"LTE 700, LTE 900, LTE 1800, LTE 2100, LTE 2600, 5G NR 700, 5G NR 3500",RUE DU BAGGERSEE 67200 STRASBOURG,67482,"48.5439,7.7506",Pylône tubulaire,36m,FREE-MOBILE,,AJO,,False,True
3248289,FREE MOBILE,"UMTS 900, LTE 700",LE MAZEL (LOU BRANCHAREL-) 48700 LACHAMP RIBENNES,48126,"44.6403,3.3928",Pylône autostable,30m,FREE-MOBILE,,AJO,,True,True
3248686,FREE MOBILE,"LTE 700, LTE 900, LTE 1800, LTE 2100, LTE 2600, 5G NR 700, 5G NR 3500",CHEMIN DE LA MITTELHARTH (OBERHARTH) 68000 COLMAR,68066,"48.0925,7.3419",Pylône autostable,"31,9m",FREE-MOBILE,,AJO,,False,True
3263604,FREE MOBILE,"LTE 1800, LTE 2600, 5G NR 3500",200 AVENUE DES LUCINES COMPLEXE SPORTIF NARDINI (QUEUE LONGUE) 84320 ENTRAIGUES SUR LA SORGUE,84043,"44.0008,4.9081",Pylône arbre,21m,TDF,2025-12-30,ALL,,False,True
3268411,FREE MOBILE,,ROUTE CANTAGREL VERS LE POTEAU (CANTAGREL) 12200 SANVENSA,12259,"44.3025,2.0406",Pylône autostable,"39,7m",ATC FRANCE,2024-01-22,CHI,2693819,False,True
3268481,FREE MOBILE,,1 RUE DES GOÉLANDS 31500 TOULOUSE,31555,"43.5769,1.4394",Immeuble,"37,1m",Société Privée,2025-06-09,CHI,2924557,False,True
437967,FREE MOBILE,LTE 1800,CHEM RURAL DE LA BOULANGERIE (CHEZ BOURGUETTE) 24320 ST PAUL LIZONNE,24482,"45.3289,0.2872",Pylône autostable,35m,ATC FRANCE,,AJO,,True,False
439964,FREE MOBILE,LTE 900,2 R DU DR MAGNIER 60000 BEAUVAIS,60057,"49.4411,2.0761",Immeuble,50m,Société HLM,2025-12-30,ALL,,False,False
440156,FREE MOBILE,5G NR 3500,PL DU MARECHAL DE LATTRE DE TASSIGNY UNIVERSITE DAUPHINE 75116 PARIS 16,75116,"48.8706,2.2736",Immeuble,38m,"État, Ministère",2025-12-30,ALL,,False,False
441538,FREE MOBILE,"LTE 2600, 5G NR 3500",47 R DE ZURICH 67200 STRASBOURG,67482,"48.5797,7.7586",Immeuble,"32,7m","Copropriété, Syndic, SCI",2025-12-30,ALL,,False,True
445791,FREE MOBILE,"LTE 1800, 5G NR 3500",5 BD DE L'INDUSTRIE ZI 49000 ECOUFLANT,49129,"47.5022,-0.5172",Pylône autostable,"45,4m",SFR,2025-12-30,ALL,,False,False
446292,FREE MOBILE,LTE 900,41 AVENUE DE LA LIBÉRATION (LES MÉZIÈRES) 87300 BELLAC,87011,"46.1225,1.0653",Pylône autostable,38m,TOTEM,2025-12-30,ALL,,False,False
447759,FREE MOBILE,LTE 900,422 AV VIOLESI LE PLAN MARSEILLAIS 13320 BOUC BEL AIR,13015,"43.4436,5.3967",Pylône autostable,24m,BOUYGUES,2025-12-30,ALL,,False,False
451165,FREE MOBILE,LTE 900,5 AV DU THIOU 74960 ANNECY,74010,"45.9,6.1158",Bâtiment,29m,Société Privée,2025-12-30,ALL,,False,False
452463,FREE MOBILE,UMTS 900, (LE NORMONT) 91410 DOURDAN,91200,"48.5197,2.0097",Pylône autostable,46m,TDF,2026-06-30,SUP,,False,False
453383,FREE MOBILE,UMTS 900,D 32 - R DES ARTISANS (LA PETITE BROSSE) 85300 CHALLANS,85047,"46.8603,-1.8639",Pylône autostable,69m,TDF,2026-06-30,SUP,,False,False
457268,FREE MOBILE,LTE 900,RTE DE STE MAXIME DOMAINES DES CANEBIÈRES (LE PEYNIER) 83490 LE MUY,83086,"43.4297,6.5381",Pylône autostable,22m,TOTEM,2025-12-30,ALL,,False,False
458787,FREE MOBILE,UMTS 900,BD PASTEUR (LES ROSES) 85340 LES SABLES D OLONNE,85194,"46.4911,-1.7678",Pylône autostable,46m,TDF,2026-06-30,SUP,,False,False
459356,FREE MOBILE,LTE 900,10 R DU DR SCHWEITZER BIBLIOTHEQUE MUNICIPALE TOUR SEMPA 13280 ARLES,13004,"43.6758,4.6417",Immeuble,37m,Société Privée,2025-12-30,ALL,,False,False
459490,FREE MOBILE,UMTS 900,L'HERBAUDE (LES LANDES) 85000 LA ROCHE SUR YON,85191,"46.6619,-1.3808",Pylône autostable,81m,TDF,2026-06-30,SUP,,False,False
460176,FREE MOBILE,UMTS 900,IMP DU VÉLODROME 17100 SAINTES,17415,"45.7381,-0.6397",Pylône autostable,52m,TDF,2026-06-30,SUP,,False,False
464643,FREE MOBILE,5G NR 3500, (CLEMENEC'HY) 29460 LOGONNA DAOULAS,29137,"48.3294,-4.2878",Pylône autostable,33m,ATC FRANCE,2025-12-30,ALL,,False,False
467539,FREE MOBILE,"LTE 1800, 5G NR 3500",R CENTRALE / PONT DU CRÊT LE CLOS (LE CRÊT) 73150 VAL D ISERE,73304,"45.4536,6.9719",Pylône autostable,35m,TOTEM,2025-12-30,ALL,,False,True
472138,FREE MOBILE,"LTE 1800, 5G NR 3500",570 CHEM DE LA CALADE RÉSIDENCE MANOIR DE LA CALADE 83200 TOULON,83137,"43.1092,5.9642",Immeuble,"16,8m","Copropriété, Syndic, SCI",2025-12-30,ALL,,False,True
476179,FREE MOBILE,5G NR 3500,13 AV DU MARÉCHAL LYAUTEY CHÂTEAU D'EAU SNPE 91710 VERT LE PETIT,91649,"48.5419,2.3578",Château d'eau - réservoir,"44,2m",Société Privée,2025-12-30,ALL,,False,False
483397,FREE MOBILE,5G NR 3500,CHEM DE LA GRANDE TERRE PROCHE TERRAIN DE SPORT (LES CORVEES) 38660 LE TOUVET,38511,"45.3603,5.96",Pylône autostable,30m,TDF,2025-12-30,ALL,,False,False
496058,FREE MOBILE,"LTE 1800, LTE 2600, 5G NR 3500","110, AV BON AIR PARC DES SPORTS 33700 MERIGNAC",33281,"44.8144,-0.6486",Pylône autostable,40m,TOTEM,2025-12-30,ALL,,False,True
508174,FREE MOBILE,LTE 900,"16, R GAMBETTA CHATEAU D'EAU 59156 LOURCHES",59361,"50.3167,3.3633",Château d'eau - réservoir,51m,"Syndicat des eaux, Adduction",2025-12-30,ALL,,False,False
512722,FREE MOBILE,LTE 900,AIRE DE REPOS (HALTE DE GUERVILLE) 78930 GUERVILLE,78291,"48.9683,1.7439",Pylône autostable,45m,Sociétés d'Autoroutes,2025-12-30,ALL,,False,False
520881,FREE MOBILE,"LTE 1800, LTE 2600, 5G NR 3500",R DES MERCIERS 85490 BENET,85020,"46.3689,-0.6006",Château d'eau - réservoir,58m,"Syndicat des eaux, Adduction",2025-12-30,ALL,,False,True
545850,FREE MOBILE,"LTE 1800, 5G NR 3500",R DES BRUYÈRES PYLÔNE FT (LA CROIX ROUGE) 29870 LANNILIS,29117,"48.5786,-4.5208",Pylône autostable,36m,TOTEM,2025-12-30,ALL,,False,True
546429,FREE MOBILE,UMTS 900,46 R DE VAUJOURS SILO DE LA CARRIÈRE (LA MARE BAROIS) 93190 LIVRY GARGAN,93046,"48.9217,2.5511",Silo,35m,Société Privée,2026-06-30,SUP,,False,False
548684,FREE MOBILE,"LTE 1800, LTE 2600",R ALEXANDRE BALEY (PEN AR C'HOAT) 29260 LESNEVEN,29124,"48.5731,-4.3356",Château d'eau - réservoir,52m,"Commune, communauté de communes",2025-12-30,ALL,,False,True
555131,FREE MOBILE,LTE 2100,67 R DU FOUR D770 CENTRAL TÉLÉPHONIQUE (STREAT VEUR) 29260 LESNEVEN,29124,"48.5789,-4.3261",Pylône haubané,52m,TOTEM,2025-12-30,ALL,,False,False
557816,FREE MOBILE,LTE 2100,2 R HENRI DUNANT RES. LES MORTEFONTAINES 95170 DEUIL LA BARRE,95197,"48.9739,2.3194",Immeuble,"38,6m",Société HLM,2025-12-30,ALL,,False,False
559311,FREE MOBILE,5G NR 3500,MONTCAMILL 66500 CATLLAR,66045,"42.6311,2.4219",Pylône autostable,12m,TDF,2025-12-30,ALL,,False,False
571731,FREE MOBILE,5G NR 3500,1 R URBAIN LE VERRIER 93290 TREMBLAY EN FRANCE,93073,"48.9514,2.5781",Immeuble,34m,"Copropriété, Syndic, SCI",2025-12-31,ALL,,False,False
574237,FREE MOBILE,5G NR 3500,52 R DE BROSSOLETTE COPROPRIÉTÉ 91270 VIGNEUX SUR SEINE,91657,"48.6975,2.4347",Immeuble,17m,"Copropriété, Syndic, SCI",2025-12-30,ALL,,False,False
601168,FREE MOBILE,5G NR 3500,RTE D ORSAY HOTEL HOLIDAY INN 91400 SACLAY,91534,"48.7561,2.1706",Immeuble,31m,Société Privée,2025-12-30,ALL,,False,False
605611,FREE MOBILE,LTE 900,"582, AV DES PALUDS (Z.I. LES PALUDS) 13400 AUBAGNE",13005,"43.2892,5.6",Pylône autostable,28m,TDF,2025-12-30,ALL,,False,False
607229,FREE MOBILE,"LTE 1800, 5G NR 3500",D.103 - PRÈS N.20 CENTRAL TÉLÉPHONIQUE (PUY COR) 87640 RAZES,87122,"46.0342,1.3428",Pylône autostable,32m,TOTEM,2025-12-30,ALL,,False,True
630784,FREE MOBILE,"LTE 700, LTE 900, LTE 1800, LTE 2100, LTE 2600, 5G NR 700, 5G NR 3500",CH DE SONNEY CHÂTEAU D'EAU 33360 CARIGNAN DE BORDEAUX,33099,"44.7967,-0.4786",Château d'eau - réservoir,"42,2m","Syndicat des eaux, Adduction",,AJO,,False,True
636942,FREE MOBILE,"LTE 1800, LTE 2600",CHEM RURAL (LE PORTAIL DE ROME) 46110 VAYRAC,46330,"44.9561,1.6797",Pylône autostable,26m,TOTEM,2025-12-30,ALL,,False,True
639688,FREE MOBILE,LTE 900,19 PL DU MARCHÉ (KERANDON) 29900 CONCARNEAU,29039,"47.8819,-3.9175",Immeuble,48m,Société HLM,2025-12-30,ALL,,False,False
653726,FREE MOBILE,5G NR 3500,PL GAMBETTA EGLISE NOTRE DAME 64400 OLORON STE MARIE,64422,"43.1931,-0.6036",Monument religieux,54m,"Commune, communauté de communes",2025-12-30,ALL,,False,False
666099,FREE MOBILE,LTE 2600,CCI (BASSIN DE CALIX) 14200 HEROUVILLE ST CLAIR,14327,"49.1917,-0.3206",Pylône autostable,32m,TOTEM,2025-12-30,ALL,,False,True
673276,FREE MOBILE,5G NR 3500,PRÈS DES CHÂTEAUX D'EAU BRUYÈRES (LES MOUNINES) 03000 BRESSOLLES,03040,"46.5478,3.3072",Pylône autostable,44m,TDF,2025-12-30,ALL,,False,False
688509,FREE MOBILE,"LTE 700, LTE 2100",9 R GEORGES GUYNEMER 49100 ANGERS,49007,"47.4533,-0.5503",Immeuble,26m,Société HLM,2025-12-31,ALL,,False,False
718526,FREE MOBILE,LTE 900,ÉCHANGEUR A8 PR 164.846 SENS 1 (LA NARTASSIÈRE) 06250 MOUGINS,06085,"43.585,7.0053",Pylône tubulaire,23m,Société Privée,2025-12-30,ALL,,False,False
732831,FREE MOBILE,LTE 900,VOIE ROMAINE CHÂTEAU D'EAU 86180 BUXEROLLES,86041,"46.5992,0.3561",Château d'eau - réservoir,42m,"Commune, communauté de communes",2025-12-30,ALL,,False,False
734579,FREE MOBILE,UMTS 900,MENDEGUY CHEMIN RURAL DIT DE LA TÉLÉVISION (ILHARRAGORRIKO MALDA) 64430 BANCA,64092,"43.1342,-1.3772",Pylône autostable,"20,4m",TDF,,AJO,,True,False
734579,FREE MOBILE,UMTS 2100,MENDEGUY CHEMIN RURAL DIT DE LA TÉLÉVISION (ILHARRAGORRIKO MALDA) 64430 BANCA,64092,"43.1342,-1.3772",Pylône autostable,"20,4m",TDF,2026-06-30,SUP,,True,False
764710,FREE MOBILE,UMTS 900,AV ARISTIDE BRIAND (COISSY) 15000 AURILLAC,15014,"44.9169,2.4453",Pylône tubulaire,23m,TDF,2026-06-30,SUP,,False,False
789616,FREE MOBILE,,3 RUE DES GERMINES LA POINTE MAUBINÉE PYLÔNE FRANCE TELECOM (LES CLOS NEUFS) 45190 BEAUGENCY,45028,"47.7878,1.6353",Pylône autostable,28m,TOTEM,2025-02-03,CHA,Les Clos Neufs vc Adm. : La Pointe Maubinée Pylône France Telecom,False,False
798926,FREE MOBILE,5G NR 3500,1 R DE LA LIBERTE 06300 NICE,06088,"43.6986,7.2686",Immeuble,29m,"Copropriété, Syndic, SCI",2025-12-30,ALL,,False,False
804623,FREE MOBILE,LTE 900,ROUTE DU ROITET SITE FRANCE TÉLÉCOM (LA BECHIGNE) 74390 CHATEL,74063,"46.27,6.8406",Pylône autostable,18m,TOTEM,2025-12-30,ALL,,False,False
805530,FREE MOBILE,"LTE 1800, 5G NR 3500",R DE TERMIGNON (STADE MUNICIPAL LEMAY) 59146 PECQUENCOURT,59456,"50.3703,3.2228",Pylône autostable,36m,TOTEM,2025-12-30,ALL,,False,True
810627,FREE MOBILE,LTE 2100,23-25-27 R RAOUL PONCHON 49100 ANGERS,49007,"47.4883,-0.5653",Immeuble,"26,7m","Copropriété, Syndic, SCI",2025-12-31,ALL,,False,False
810687,FREE MOBILE,LTE 900,SYNDICAT DES EAUX DE PULLIGNY CR N° 6 (AUX GENETRES) 54740 LANEUVEVILLE DEVANT BAYON,54299,"48.4775,6.2692",Pylône autostable,41m,TOTEM,2025-12-30,ALL,,False,False
918267,FREE MOBILE,LTE 900,AV ST RUF 10 84140 AVIGNON,84007,"43.9414,4.8089",Immeuble,"23,9m","Copropriété, Syndic, SCI",2025-12-30,ALL,,False,False
932193,FREE MOBILE,UMTS 900,BD  CLEMENCEAU 45 85300 CHALLANS,85047,"46.8506,-1.8875",Pylône tubulaire,18m,ON TOWER FRANCE,2026-06-30,SUP,,False,False
993697,FREE MOBILE,5G NR 3500,123 AVENUE DU PRADO 13008 MARSEILLE 08,13208,"43.28,5.3878",Immeuble,"35,1m","Copropriété, Syndic, SCI",2025-12-30,ALL,,False,False
