id_support,operateur,action,technologie,adresse,code_insee,coordonnees,type_support,hauteur_support,proprietaire_support,date_activ,is_zb,is_new
101559,ORANGE,AJO,"LTE 700, 5G NR 2100",RUE DU JAUMET RÉSERVOIR D'EAU DE CASES DE PENE 66600 CASES DE PENE,66041,"42.7803,2.7864",Château d'eau - réservoir,20m,"Commune, communauté de communes",,False,False
101559,ORANGE,SUP,LTE 2100,RUE DU JAUMET RÉSERVOIR D'EAU DE CASES DE PENE 66600 CASES DE PENE,66041,"42.7803,2.7864",Château d'eau - réservoir,20m,"Commune, communauté de communes",2021-01-10,False,False
1023562,ORANGE,SUP,GSM 900,RUE DES GRAVIERS ZONE D'ACTIVITÉ DES GRAVIERS 91190 VILLIERS LE BACLE,91679,"48.7311,2.1119",Pylône autostable,32m,TOTEM,2012-08-28,False,False
1044949,ORANGE,SUP,"GSM 900, LTE 700",52 RUE DE LA VICTOIRE 75009 PARIS 09,75109,"48.8753,2.335",Bâtiment,26m,Société Privée,2012-10-13,False,False
1047626,ORANGE,SUP,GSM 900, (S1 SIGNAL DE FLAGIT) 48000 BALSIEGES,48016,"44.52,3.4522",Pylône autostable,41m,ORANGE,1993-09-03,False,False
1132567,ORANGE,SUP,"GSM 900, LTE 700","6, RUE VILLARET DE JOYEUSE 75017 PARIS 17",75117,"48.8767,2.29",Immeuble,30m,"Copropriété, Syndic, SCI",2017-11-30,False,False
1174057,ORANGE,SUP,"GSM 900, UMTS 900, UMTS 2100, LTE 800, LTE 1800, LTE 2100",V.C. N°5 DU RUNIOU (LA LANDE COLAS) 22500 PAIMPOL,22162,"48.7631,-3.0325",Pylône autostable,25m,HIVORY,2014-03-17,False,False
1195169,ORANGE,AJO,"LTE 1800, 5G NR 2100",AIRE DE BRUSSOLE - A10 -PK 127.135 (BRUSSOLE) 41500 LESTIOU,41114,"47.7589,1.5547",Pylône autostable,33m,Sociétés d'Autoroutes,,False,False
1198807,ORANGE,ALL,5G NR 3500,RUE DE LA MOTTE (LA MOTTE) 45170 NEUVILLE AUX BOIS,45224,"48.0781,2.0514",Château d'eau - réservoir,26m,"Commune, communauté de communes",2025-10-31,False,False
1215506,ORANGE,SUP,"GSM 900, LTE 700","30,32 AV EDISON 75013 PARIS 13",75113,"48.8286,2.3633",Immeuble,"42,2m",Société HLM,2017-10-26,False,False
1286865,ORANGE,SUP,"GSM 900, LTE 700",76 AVENUE RAYMOND POINCARÉ 75116 PARIS 16,75116,"48.8689,2.2858",Immeuble,"32,5m","Copropriété, Syndic, SCI",2014-02-19,False,False
1292683,ORANGE,SUP,GSM 900,7 RUE SAINT LAZARE 6 R DE LA RÉSISTANCE RÉS ST LAZARE 60200 COMPIEGNE,60159,"49.4125,2.8317",Immeuble,24m,"Copropriété, Syndic, SCI",1999-10-22,False,False
1318521,ORANGE,SUP,"GSM 900, LTE 700",135 RUE ALBERT EINSTEIN FCJT 13540 AIX EN PROVENCE,13001,"43.4931,5.3731",Bâtiment,"20,6m",Société Privée,2014-01-13,False,False
1319201,ORANGE,SUP,"GSM 900, LTE 700",156 R LÉON MAURICE NORDMANN 75013 PARIS 13,75113,"48.8333,2.3417",Immeuble,36m,"Copropriété, Syndic, SCI",1998-11-27,False,False
1326666,ORANGE,SUP,"GSM 900, GSM 1800, UMTS 900, LTE 1800, LTE 2100","2BIS, RUE DE LA GALISSONIÈRE 10BIS, RUE KLÉBER 44300 NANTES",44109,"47.2142,-1.5658",Immeuble,16m,Particulier,2004-12-10,False,False
1347650,ORANGE,SUP,UMTS 900,RUE DE FRANCE 57800 FREYMING MERLEBACH,57240,"49.1553,6.8028",Monument religieux,"38,5m","Commune, communauté de communes",2020-09-02,False,False
1353031,ORANGE,AJO,"LTE 800, 5G NR 700, 5G NR 3500",30 RUE NÉGRIER 59800 LILLE,59350,"50.6422,3.0572",Immeuble,20m,"Copropriété, Syndic, SCI",,False,False
1373943,ORANGE,SUP,"GSM 900, LTE 700",105 BD DE LA VILLETTE 75010 PARIS 10,75110,"48.8797,2.3697",Immeuble,"36,2m",ORANGE Services Fixes,1999-06-11,False,False
1381494,ORANGE,SUP,"GSM 900, LTE 700",86 R DE LA TOUR 75116 PARIS 16,75116,"48.8617,2.2786",Immeuble,28m,Société Privée,2008-03-20,False,False
1393195,ORANGE,SUP,"GSM 900, LTE 700",8 BD DE BERCY PALAIS OMNISPORT 75012 PARIS 12,75112,"48.8386,2.3786",Bâtiment,34m,"Commune, communauté de communes",1999-11-18,False,False
1413361,ORANGE,SUP,"GSM 900, LTE 700",38/40 R DE GALILÉE 75116 PARIS 16,75116,"48.87,2.2967",Immeuble,"29,3m","Copropriété, Syndic, SCI",2002-01-25,False,False
1414441,ORANGE,AJO,"LTE 700, 5G NR 2100, 5G NR 3500",PITON DU RELAIS PYLONE FT (MANAPANY LES HAUTS) 97429 PETITE ILE,97405,"-21.3319,55.5811",Pylône autostable,22m,ORANGE Services Fixes,,False,False
1414441,ORANGE,SUP,LTE 2100,PITON DU RELAIS PYLONE FT (MANAPANY LES HAUTS) 97429 PETITE ILE,97405,"-21.3319,55.5811",Pylône autostable,22m,ORANGE Services Fixes,2020-07-29,False,False
1428982,ORANGE,SUP,UMTS 900,7 RUE FRITZ KIENER FRANCE TÉLÉCOM 67200 STRASBOURG,67482,"48.5831,7.76",Bâtiment,23m,ORANGE Services Fixes,2020-05-04,False,False
1433932,ORANGE,AJO,5G NR 2100,CHEMIN COMMUNAL DE LA VAUPEROUZE 86190 CHALANDRAY,86050,"46.665,-0.0075",Pylône autostable,"59,4m",TDF,,True,False
1433932,ORANGE,ALL,LTE 1800,CHEMIN COMMUNAL DE LA VAUPEROUZE 86190 CHALANDRAY,86050,"46.665,-0.0075",Pylône autostable,"59,4m",TDF,2025-11-10,True,False
1454471,ORANGE,SUP,UMTS 900, (SCHWALL) 67112 BREUSCHWICKERSHEIM,67065,"48.575,7.5967",Pylône autostable,30m,HIVORY,2022-03-15,False,False
1466903,ORANGE,SUP,"GSM 900, UMTS 900, LTE 700, LTE 800, LTE 1800, LTE 2100",D6 CHÂTEAU D'EAU (LE TRAC) 85220 ST REVEREND,85268,"46.6939,-1.8117",Château d'eau - réservoir,66m,"Syndicat des eaux, Adduction",2009-06-02,False,False
1472112,ORANGE,SUP,GSM 900,12-16 AVENUE PAUL DOUMER 75116 PARIS 16,75116,"48.8611,2.2836",Immeuble,36m,"Copropriété, Syndic, SCI",2006-07-01,False,False
1513339,ORANGE,AJO,"LTE 2100, 5G NR 700, 5G NR 3500",7 RUE DE L'HOPITAL MAISON DE RETRAITE 80135 ST RIQUIER,80716,"50.135,1.9447",Bâtiment,22m,Établissement de soins,,False,False
1513339,ORANGE,SUP,LTE 700,7 RUE DE L'HOPITAL MAISON DE RETRAITE 80135 ST RIQUIER,80716,"50.135,1.9447",Bâtiment,22m,Établissement de soins,2023-08-01,False,False
1527244,ORANGE,AJO,"LTE 700, 5G NR 2100",CHEMIN RURAL (LES HAUTES VENTES) 41310 VILLEPORCHER,41286,"47.6353,0.98",Pylône autostable,36m,TOTEM,,False,False
1539000,ORANGE,ALL,5G NR 3500,CHEMIN DE L'AUBORD CENTRAL TÉLÉPHONIQUE (LE CHAMP BOUCHEROJN) 36230 NEUVY ST SEPULCHRE,36141,"46.5892,1.8158",Pylône autostable,33m,TOTEM,2025-11-05,False,False
1546578,ORANGE,SUP,UMTS 900,LE PORT D152E 19600 ST PANTALEON DE LARCHE,19229,"45.1394,1.4489",Mât,12m,TOTEM,2015-09-22,False,False
1558406,ORANGE,SUP,"GSM 900, LTE 700",6 RUE LEO DELIBES 75116 PARIS 16,75116,"48.8669,2.2883",Bâtiment,"27,7m",Association,2015-12-21,False,False
1587817,ORANGE,AJO,"5G NR 700, 5G NR 3500",ROUTE DE CROIXDALLE - D.77 ESPACE OMNISPORTS (LE CHÂTEAU - LA CROIX) 76660 LONDINIERES,76392,"49.8278,1.3903",Pylône tubulaire,30m,TOTEM,,False,False
1587817,ORANGE,SUP,LTE 700,ROUTE DE CROIXDALLE - D.77 ESPACE OMNISPORTS (LE CHÂTEAU - LA CROIX) 76660 LONDINIERES,76392,"49.8278,1.3903",Pylône tubulaire,30m,TOTEM,2021-02-09,False,False
1602035,ORANGE,SUP,"GSM 900, LTE 700",40 ALLÉE D'ORLÉANS 33800 BORDEAUX,33063,"44.8436,-0.5739",Immeuble,"28,5m","Copropriété, Syndic, SCI",2013-04-05,False,False
1612945,ORANGE,SUP,"GSM 900, LTE 700",ALLÉE DU LAC TERRAIN DANS ZONE D'ACTIVITÉ 26200 MONTELIMAR,26198,"44.5328,4.7347",Pylône tubulaire,27m,TOTEM,2016-06-30,False,False
1618577,ORANGE,SUP,UMTS 900,23 RTE DE WARNECOURT 08000 PRIX LES MEZIERES,08346,"49.7517,4.6975",Pylône tubulaire,"25,7m",TOTEM,2018-12-17,False,False
1619239,ORANGE,SUP,"GSM 900, LTE 700",33 AVENUE GEORGES V 75008 PARIS 08,75108,"48.8689,2.3006",Bâtiment,"49,6m",Particulier,2016-11-10,False,False
1644066,ORANGE,AJO,5G NR 2100,R DE LA PILOTERIE (LA PILOTRIE) 86260 ST PIERRE DE MAILLE,86236,"46.6786,0.8461",Pylône autostable,"33,3m",TDF,,False,False
1648938,ORANGE,AJO,"LTE 2600, 5G NR 2100", (BOIS DES QUELAINS) 35500 ERBREE,35105,"48.1297,-1.1264",Pylône autostable,32m,TOTEM,,False,False
1655167,ORANGE,ALL,LTE 700,1 ROUTE DE PUIFFERAT LES JAMOTTES 87160 ST SULPICE LES FEUILLES,87182,"46.3169,1.3717",Pylône autostable,23m,TOTEM,2025-11-12,False,False
1674774,ORANGE,ALL,5G NR 3500,VC N°331 PRÈS D90 (LA RICHARDIÈRE) 85710 LA GARNACHE,85096,"46.9017,-1.8278",Pylône autostable,"32,5m",TOTEM,2025-11-06,False,False
1684110,ORANGE,ALL,5G NR 2100, (FERME DU TILLEUL) 52310 BOLOGNE,52058,"48.1914,5.1631",Pylône autostable,30m,TOTEM,2025-11-04,False,False
1694197,ORANGE,ALL,"LTE 700, 5G NR 2100",D 35 (LA VAVRE D'EN BAS) 73240 AVRESSIEUX,73025,"45.5608,5.6892",Pylône tubulaire,28m,TOTEM,2025-11-06,False,False
1703703,ORANGE,AJO,"5G NR 700, 5G NR 3500", (LES IFS) 34570 MURVIEL LES MONTPELLIER,34179,"43.6011,3.7481",Pylône autostable,"30,5m",TOTEM,,False,True
1703703,ORANGE,ALL,"UMTS 900, LTE 800, LTE 1800, LTE 2100", (LES IFS) 34570 MURVIEL LES MONTPELLIER,34179,"43.6011,3.7481",Pylône autostable,"30,5m",TOTEM,2025-11-10,False,True
1705185,ORANGE,ALL,5G NR 2100,"CHEM AGRICOLE COLLINE MONTROND, MONTROND 38510 SERMERIEU",38483,"45.6678,5.3839",Pylône autostable,"27,3m",TOTEM,2025-10-31,False,False
1709891,ORANGE,SUP,"GSM 900, LTE 700",32 R DES LILAS 75019 PARIS 19,75119,"48.8803,2.3969",Immeuble,38m,"Copropriété, Syndic, SCI",2003-08-23,False,False
1725629,ORANGE,SUP,"GSM 900, UMTS 900, LTE 800, LTE 2100",RTE DE PITGAM (BELLAERT) 59470 ZEGERSCAPPEL,59666,"50.89,2.3703",Château d'eau - réservoir,40m,"Commune, communauté de communes",2008-09-12,False,False
1730143,ORANGE,ALL,LTE 700, (LE PIC DE BERLES) 11330 SALZA,11374,"42.9947,2.5181",Pylône autostable,33m,ATC FRANCE,2022-09-20,True,False
1731121,ORANGE,ALL,5G NR 2100, (CRETE DES MYRTILLES) 67130 BELMONT,67027,"48.4081,7.2625",Pylône tubulaire,"27,7m",ATC FRANCE,2025-11-04,False,False
1746621,ORANGE,AJO,"5G NR 700, 5G NR 3500",D 70 (PLEUVILLE) 60220 MOLIENS,60405,"49.6678,1.8183",Pylône autostable,36m,TOTEM,,False,False
1746621,ORANGE,SUP,LTE 700,D 70 (PLEUVILLE) 60220 MOLIENS,60405,"49.6678,1.8183",Pylône autostable,36m,TOTEM,2020-09-08,False,False
1749186,ORANGE,SUP,GSM 900, (LE HAUT D'ALÉMONT) 57420 PAGNY LES GOIN,57532,"48.9594,6.2358",Pylône autostable,"30,4m",TOTEM,2018-10-08,False,False
1769447,ORANGE,SUP,GSM 900,TERRAIN DE GOLF (LA PLANCHETTE) 02400 BEZU ST GERMAIN,02085,"49.0778,3.4011",Pylône tubulaire,20m,TOTEM,2019-06-07,False,False
1770205,ORANGE,SUP,"GSM 900, LTE 700",1 AVENUE GUTENBERG (DERRIERE LE BOIS) 31120 PORTET SUR GARONNE,31433,"43.5472,1.415",Pylône tubulaire,21m,TOTEM,2017-04-13,False,False
1787357,ORANGE,ALL,"UMTS 900, LTE 1800, 5G NR 2100",EGLISE DE JUVIGNY (EGLISE DE JUVIGNY) 61330 JUVIGNY VAL D ANDAINE,61211,"48.5514,-0.5083",Monument religieux,"32,9m","Commune, communauté de communes",2025-11-03,False,False
1790776,ORANGE,SUP,GSM 900,8 AVENUE DU VERCORS 38600 FONTAINE,38169,"45.1925,5.6997",Immeuble,24m,"Copropriété, Syndic, SCI",2015-09-17,False,False
1801139,ORANGE,AJO,"LTE 800, LTE 2600",63 BOULEVARD DOCTEUR ROUX 51100 REIMS,51454,"49.2319,4.0217",Immeuble,"23,3m","Copropriété, Syndic, SCI",,False,False
1801139,ORANGE,SUP,LTE 700,63 BOULEVARD DOCTEUR ROUX 51100 REIMS,51454,"49.2319,4.0217",Immeuble,"23,3m","Copropriété, Syndic, SCI",2023-10-17,False,False
1801196,ORANGE,ALL,5G NR 700,RESIDENCE LES VIGNES 1/3 ALLEE PLANTAGENET 87280 LIMOGES,87085,"45.8189,1.2564",Immeuble,"34,5m","Copropriété, Syndic, SCI",2025-11-03,False,False
1822458,ORANGE,SUP,GSM 900, (GRANDES FRICHES) 57580 TRAGNY,57676,"48.9622,6.3956",Pylône autostable,"30,4m",ORANGE,2022-12-28,False,False
1830511,ORANGE,SUP,"GSM 900, LTE 700","2, RUE CRILLON 75004 PARIS 04",75104,"48.8483,2.3653",Immeuble,"27,5m","Copropriété, Syndic, SCI",2017-11-08,False,False
1851052,ORANGE,AJO,"5G NR 700, 5G NR 3500",RTE DU GRAND MAINE CHEMIN RURAL 229 16400 LA COURONNE,16113,"45.6256,0.0717",Pylône autostable,30m,TOTEM,,False,False
1879305,ORANGE,SUP,GSM 900, (CARABAS) 09320 BIERT,09057,"42.9072,1.3153",Pylône autostable,33m,TDF,2004-09-18,False,False
1881951,ORANGE,SUP,GSM 900,RTE DE GRENOBLE STADE (GRAND PLAN MENU) 38500 COUBLEVIE,38133,"45.355,5.5972",Pylône tubulaire,"18,5m",TOTEM,2001-12-05,False,False
1901103,ORANGE,SUP,"GSM 900, LTE 700",2 RUE MEILHAC 75015 PARIS 15,75115,"48.8453,2.2981",Immeuble,"32,1m","Copropriété, Syndic, SCI",1998-11-13,False,False
1906161,ORANGE,SUP,"GSM 900, LTE 700",18 R MARECHAL JOFFRE 33800 BORDEAUX,33063,"44.8361,-0.5783",Bâtiment,"21,4m","Copropriété, Syndic, SCI",2018-03-05,False,False
1929649,ORANGE,SUP,GSM 900,3 BD  SUCHET 75116 PARIS 16,75116,"48.8608,2.2672",Immeuble,"34,2m","Copropriété, Syndic, SCI",2007-09-10,False,False
1935165,ORANGE,ALL,5G NR 2100,VOIE COMMUNALE (LE PEU MANGELOUP) 23300 ST MAURICE LA SOUTERRAINE,23219,"46.2028,1.3936",Pylône autostable,36m,TOTEM,2025-11-03,False,False
1945954,ORANGE,ALL,5G NR 700,PLACE DE L'EGLISE EGLISE DE ORVAULT 44700 ORVAULT,44114,"47.2708,-1.6236",Monument religieux,"41,3m","Commune, communauté de communes",2025-11-05,False,False
1974230,ORANGE,SUP,"LTE 700, LTE 800, LTE 1800, LTE 2100, LTE 2600, 5G NR 700, 5G NR 3500",130 AVENUE COROT PARC COROT BÂT C 13013 MARSEILLE 13,13213,"43.325,5.4064",Immeuble,57m,"Copropriété, Syndic, SCI",2022-10-11,False,False
1979029,ORANGE,SUP,"GSM 900, LTE 700",58-60 AV. DE LA GRANDE ARMÉE 75017 PARIS 17,75117,"48.8769,2.2867",Bâtiment,34m,Société Privée,2006-04-01,False,False
1999916,ORANGE,ALL,"5G NR 700, 5G NR 3500",18 R DE L'EPINETTE  (LE BOIS CAHELLO) 56380 GUER,56075,"47.9467,-2.1236",Pylône tubulaire,30m,TOTEM,2025-11-03,False,False
2000494,ORANGE,SUP,"GSM 900, LTE 700",IMPASSE DE L'ARQUIPEYRE MC DONALDS 81380 LESCURE D ALBIGEOIS,81144,"43.9556,2.1556",Pylône tubulaire,"25,5m",TOTEM,2018-10-29,False,False
2003822,ORANGE,ALL,5G NR 700,TERRAIN DE SPORT (COAT MALGORN) 29250 SIBIRIL,29276,"48.6583,-4.0619",Pylône tubulaire,20m,TOTEM,2025-11-13,False,False
2004680,ORANGE,ALL,5G NR 700,38 RUE DE LA COLONNE 85260 LES BROUZILS,85038,"46.8847,-1.3183",Pylône tubulaire,25m,TOTEM,2025-11-13,False,False
2004893,ORANGE,AJO,5G NR 700,2 R BLAISE PASCAL TOUR GRAND MONTMARIN 70000 VESOUL,70550,"47.6342,6.1656",Immeuble,54m,Société HLM,,False,False
2004893,ORANGE,SUP,LTE 700,2 R BLAISE PASCAL TOUR GRAND MONTMARIN 70000 VESOUL,70550,"47.6342,6.1656",Immeuble,54m,Société HLM,2021-12-07,False,False
2021022,ORANGE,AJO,"5G NR 700, 5G NR 3500",RTE DE GRANDCHAMP DES FONTAINES D26 - RUE DU PÂTIS JARS 44390 CASSON,44027,"47.3864,-1.5639",Pylône autostable,27m,TOTEM,,False,False
2046818,ORANGE,ALL,"LTE 700, LTE 1800",ZONE D'ACTIVITÉS LAFAYETTE SERVICES TECHNIQUES MUNICIPAUX 42470 ST SYMPHORIEN DE LAY,42289,"45.9511,4.2019",Pylône autostable,"25,3m",TOTEM,2025-11-06,False,False
2059101,ORANGE,ALL,"LTE 2100, 5G NR 3500",RUE DU STADE 35140 ST OUEN DES ALLEUX,35304,"48.3294,-1.4328",Pylône autostable,36m,TOTEM,2025-11-05,False,False
2061746,ORANGE,AJO,5G NR 2100, (MIRABEL) 46500 LAVERGNE,46165,"44.8119,1.7858",Pylône autostable,30m,TOTEM,,False,False
2088589,ORANGE,AJO,5G NR 2100,LE BOURG - EGLISE 24240 SAUSSIGNAC,24523,"44.7997,0.3261",Monument religieux,"18,4m","Commune, communauté de communes",,False,False
2101679,ORANGE,AJO,"LTE 700, 5G NR 2100",ZA LE BAS MARBOUÉ DÉCHETTERIE (LE PRÉ LOUIS) 53470 COMMER,53072,"48.2431,-0.6161",Pylône tubulaire,25m,ATC FRANCE,,False,False
2111564,ORANGE,ALL,LTE 700,"ZONE D'ACTIVITÉS DU GRAND ORMEAU D31, PRÈS A85 (LE GRAND ORMEAU) 37310 SUBLAINES",37253,"47.2892,0.9858",Pylône autostable,30m,TOTEM,2025-11-13,False,False
2114182,ORANGE,ALL,5G NR 2100,STADE COMMUNAL CHEMIN D'EXPLOITATION 32 04410 PUIMOISSON,04157,"43.8703,6.1322",Pylône autostable,21m,ORANGE,2025-11-06,False,False
2129871,ORANGE,AJO,5G NR 2100, (LA GARDE/LA GRANGE) 87800 NEXON,87106,"45.6881,1.1892",Pylône autostable,15m,TDF,,False,False
2132637,ORANGE,ALL,"5G NR 700, 5G NR 3500",CHEMIN DE LA GRANDE VENTE RUE DU CHAMP CHARDON 41250 MONT PRES CHAMBORD,41150,"47.5561,1.4442",Pylône autostable,30m,TOTEM,2025-10-31,False,False
2133586,ORANGE,SUP,"GSM 900, LTE 700",2-6 R D'OURADOUR SUR GLANE 57250 MOYEUVRE GRANDE,57491,"49.2544,6.0481",Immeuble,19m,"Copropriété, Syndic, SCI",2001-05-25,False,False
2135674,ORANGE,ALL,"LTE 1800, 5G NR 2100",RUE DES HÊTRES 44540 VALLONS DE L ERDRE,44180,"47.4836,-1.1106",Pylône autostable,30m,TOTEM,2025-11-04,False,False
2136878,ORANGE,SUP,"GSM 900, LTE 700",AVENUS CHARLES THOUVEREY CHEMINÉE 39100 DOLE,39198,"47.08,5.4639",Bâtiment,33m,"Commune, communauté de communes",2001-11-30,False,False
2142636,ORANGE,ALL,"LTE 1800, 5G NR 2100",RUE DE KERPRIOL (KERPRIOL) 56240 BERNE,56014,"47.9978,-3.3894",Pylône autostable,36m,ATC FRANCE,2025-11-06,False,False
2168747,ORANGE,AJO,5G NR 2100,IMP DE LA PLAINE DU BREUIL (BOUCAUDE) 79600 AIRVAULT,79005,"46.8256,-0.2039",Pylône autostable,30m,TDF,,False,False
2171079,ORANGE,AJO,"LTE 1800, 5G NR 2100",D9 - LA GRANDE ENTRÉE PRÈS TERRAIN DE FOOTBALL LA GÂTE (LA GÂTE) 28330 LA BAZOCHE GOUET,28027,"48.1447,0.9711",Pylône autostable,23m,TOTEM,,False,False
2172389,ORANGE,AJO,5G NR 2100,ROUTE DE VILLEFERMOY (CHÂTEAU D'EAU) 77820 LES ECRENNES,77165,"48.5044,2.8661",Château d'eau - réservoir,"33,1m","Commune, communauté de communes",,False,False
2185445,ORANGE,ALL,"LTE 1800, 5G NR 2100",RUE DES SPORTS RUE DE L'AËR 56540 LE CROISTY,56048,"48.0692,-3.3633",Pylône autostable,30m,ATC FRANCE,2025-11-06,False,False
2196313,ORANGE,AJO,5G NR 2100,25 RTE DE VOUZAN D 412 (LES COMBES) 16380 CHAZELLES,16093,"45.635,0.3675",Pylône autostable,30m,ATC FRANCE,,False,False
2209437,ORANGE,AJO,"5G NR 700, 5G NR 3500",D28.2 STATION D'ÉPURATION  28120 BAILLEAU LE PIN,28021,"48.3586,1.3375",Pylône autostable,30m,TOTEM,,False,False
2209437,ORANGE,SUP,LTE 700,D28.2 STATION D'ÉPURATION  28120 BAILLEAU LE PIN,28021,"48.3586,1.3375",Pylône autostable,30m,TOTEM,2022-08-17,False,False
2209869,ORANGE,AJO,"LTE 1800, 5G NR 2100",ROUTE  DE GENCAY D742 (COTEAU DE BOUCTEAU) 86370 CHATEAU LARCHER,86065,"46.4167,0.3211",Château d'eau - réservoir,34m,"Commune, communauté de communes",,True,False
2214398,ORANGE,SUP,GSM 900,RÉSERVOIR COMMUNAL (TRAUSANES) 11260 CAMPAGNE SUR AUDE,11063,"42.9169,2.2003",Pylône tubulaire,12m,TOTEM,2011-03-05,False,False
2228993,ORANGE,SUP,GSM 900,CHEMIN DES FONDIERES  D 657 (VIADUCS DE LA MOSELLE) 54700 CHAMPEY SUR MOSELLE,54114,"48.9547,6.055",Pylône autostable,42m,TOTEM,2021-03-09,False,False
2246858,ORANGE,SUP,LTE 700,1 RUE DE PRAGUE (AEROPORT DU BOURGET - ZONE D'A) 95500 BONNEUIL EN FRANCE,95088,"48.9622,2.4494",Bâtiment,24m,Société Privée,2020-10-22,False,False
2259124,ORANGE,SUP,UMTS 900,CHEMIN RURAL DE DRAHÉ À STE NÉOMAYE LA CRÉPINIÈRE (LES GARENNES DE SAINTE NEO) 79260 LA CRECHE,79048,"46.3767,-0.2631",Pylône autostable,30m,TDF,2021-06-15,False,False
2267234,ORANGE,ALL,5G NR 2100,VOIE COMMUNALE N°1 DITE DU CHATELET LE CLOS JANNY (LE CHATELET) 22350 CAULNES,22032,"48.3086,-2.1881",Pylône autostable,36m,TOTEM,2025-11-06,False,False
2267250,ORANGE,ALL,"LTE 2100, 5G NR 3500", (LE CLOS HOCHET) 22120 POMMERET,22246,"48.4675,-2.6403",Pylône autostable,36m,TOTEM,2025-11-06,False,False
2276243,ORANGE,SUP,UMTS 900, (COMBE MONTBELIARD) 25250 L ISLE SUR LE DOUBS,25315,"47.4508,6.5914",Pylône autostable,39m,TDF,2020-11-10,False,False
2297614,ORANGE,ALL,5G NR 2100,CHEMIN DU ROY CHÂTEAU D'EAU 78440 JAMBVILLE,78317,"49.0525,1.8428",Pylône autostable,30m,ORANGE,2025-11-05,False,False
2314645,ORANGE,SUP,"GSM 900, LTE 700",38 R HENRI BARBUSSE 75005 PARIS 05,75105,"48.8411,2.3386",Immeuble,28m,"Copropriété, Syndic, SCI",2009-08-17,False,False
2315044,ORANGE,SUP,"UMTS 900, LTE 700",RUE DE LA LAITERIE (LES CHATELIERS) 17700 ST GEORGES DU BOIS,17338,"46.1322,-0.7342",Pylône autostable,24m,TDF,2021-03-08,False,False
2321319,ORANGE,SUP,"GSM 900, UMTS 900, LTE 700",25 AVENUE DE L'ARGONNE DOMAINE DE PELUS 33700 MERIGNAC,33281,"44.8278,-0.6764",Pylône autostable,25m,ATC FRANCE,2004-06-19,False,False
2323739,ORANGE,AJO,5G NR 2100,VC N°2 DE CÉNAC À LÉOBARD (ROC DE BRISE) 24250 NABIRAT,24300,"44.7461,1.2986",Pylône autostable,36m,TOTEM,,False,False
2361189,ORANGE,ALL,5G NR 2100,ROUTE D HAROUE D6 D9 (LES NOUES) 54740 AFFRACOURT,54005,"48.4664,6.1761",Pylône tubulaire,21m,TOTEM,2025-11-04,False,False
2363577,ORANGE,ALL,5G NR 3500,ZI DE BEL AIR STÉ LA SOPRAT (LES TERRES DE BEL AIR) 56250 LA VRAIE CROIX,56261,"47.6992,-2.5486",Pylône autostable,30m,TOTEM,2025-11-05,False,False
2380526,ORANGE,AJO,"LTE 1800, 5G NR 2100",D 208 (LE FIEF DE LA POINTE) 17290 LANDRAIS,17203,"46.0736,-0.8714",Pylône autostable,36m,TOTEM,,True,False
2438393,ORANGE,ALL,"5G NR 700, 5G NR 3500",RUE DE LA RONCIÈRE (LA RONCIERE) 22400 LAMBALLE ARMOR,22093,"48.4369,-2.5358",Pylône autostable,36m,TOTEM,2025-11-04,False,False
2441764,ORANGE,AJO,5G NR 2100,RD 699 (GALFANE) 16120 CHATEAUNEUF SUR CHARENTE,16090,"45.5972,-0.0267",Pylône autostable,36m,ATC FRANCE,,False,False
2448799,ORANGE,SUP,GSM 900,750 RUE DE LA MONTAGNE (LE CÉNACLE) 83600 FREJUS,83061,"43.4431,6.7536",Pylône tubulaire,13m,ORANGE,2020-02-11,False,False
2458121,ORANGE,AJO,5G NR 2100,ROUTE DE PONS D732 (CHARPREAU) 17260 ST ANDRE DE LIDON,17310,"45.5675,-0.7333",Pylône autostable,33m,TOTEM,,False,False
2466794,ORANGE,ALL,"LTE 1800, 5G NR 2100",605 CHE DES PINS (LE RIOU) 42130 ARTHUN,42009,"45.78,4.0278",Pylône autostable,25m,ATC FRANCE,2025-11-03,False,False
2471040,ORANGE,ALL,5G NR 2100,RUE DES JOUEURS D642 (MARLIÈRE) 59173 EBBLINGHEM,59184,"50.7322,2.4378",Pylône autostable,30m,TDF,2025-11-06,False,False
2471044,ORANGE,ALL,"LTE 1800, 5G NR 2100",RUE DE COMBERMONT D132 (LE PRESBYTÈRE) 62650 RUMILLY,62729,"50.5803,2.0108",Pylône autostable,36m,TDF,2025-11-05,False,False
2484126,ORANGE,SUP,UMTS 900,"3, AVENUE NOTRE DAME RÉSIDENCE ""LE NOTRE DAME"" 06300 NICE",06088,"43.705,7.2706",Bâtiment,"28,1m","Copropriété, Syndic, SCI",2023-10-09,False,False
248539,ORANGE,SUP,UMTS 900,CHEM DE LA PASSERELLE 43000 AIGUILHE,43002,"45.0511,3.8867",Immeuble,16m,Société Privée,2015-10-26,False,False
2487851,ORANGE,AJO,"UMTS 900, LTE 700, LTE 800, LTE 1800, 5G NR 2100",PRÈS DE LA RUE DE LA FONTAINE (LA FAISSE) 43450 TORSIAC,43247,"45.3411,3.1994",Pylône autostable,"44,3m",HIVORY,,False,True
2488925,ORANGE,AJO,5G NR 2100,516 CHE DE BOUSSORP (BOUSSOR) 47340 LA CROIX BLANCHE,47075,"44.295,0.6861",Pylône autostable,"30,1m",ORANGE,,False,False
2515403,ORANGE,SUP,UMTS 900,RUE MAURICE ALLAIS (BRUCHWIESE) 67160 WISSEMBOURG,67544,"49.0231,7.9667",Pylône autostable,38m,TOTEM,2022-04-29,False,False
2527066,ORANGE,SUP,"GSM 900, LTE 700",36 AVENUE GAMBETTA 75020 PARIS 20,75120,"48.8647,2.3969",Immeuble,24m,Société Privée,2003-08-08,False,False
2536194,ORANGE,ALL,5G NR 700,CHEMIN RURAL N° 114 DIT DES CHAMPS BLANCS (LES CHAMPS BLANCS) 35134 STE COLOMBE,35262,"47.8886,-1.4358",Pylône autostable,30m,TOTEM,2025-11-13,False,False
2537517,ORANGE,AJO,5G NR 2100,ROUTE DE LA BALME CHEMIN COMMUNAL N°5 (VAUGELAS & GUILLETE) 38390 PARMILIEU,38295,"45.8431,5.3528",Pylône autostable,30m,TOTEM,,False,False
2547157,ORANGE,AJO,UMTS 900,CHEMIN RURAL DE PUYMASSON (LAPOULEILLE-EST) 47130 CLERMONT DESSOUS,47066,"44.2406,0.4822",Pylône autostable,24m,ATC FRANCE,,False,False
2547157,ORANGE,ALL,5G NR 2100,CHEMIN RURAL DE PUYMASSON (LAPOULEILLE-EST) 47130 CLERMONT DESSOUS,47066,"44.2406,0.4822",Pylône autostable,24m,ATC FRANCE,2025-11-10,False,False
2551495,ORANGE,SUP,GSM 900,CHEMIN DE KERMAREC ET DU MANIO PROCHE D764 (DÉPENDANCE DE PEN EN NEH) 56300 PONTIVY,56178,"48.0747,-2.9903",Pylône autostable,"40,1m",ORANGE,2023-10-19,False,False
2560894,ORANGE,ALL,"LTE 1800, 5G NR 2100",3 LE LONG DES BOIS D 319 (LE LONG DES BOIS) 28240 MANOU,28232,"48.5408,0.9661",Pylône autostable,"28,6m",ORANGE,2025-10-31,False,False
2581813,ORANGE,AJO,5G NR 2100,CHEMIN DU MARLAT 40360 CASTELNAU CHALOSSE,40071,"43.6686,-0.8403",Pylône autostable,36m,ATC FRANCE,,False,False
2616553,ORANGE,AJO,5G NR 2100,PROCHE ROUTE T40 (PERO LONGO) 20100 SARTENE,2A272,"41.5314,8.9603",Pylône autostable,"18,4m",ATC FRANCE,,False,False
2624308,ORANGE,ALL,"LTE 700, LTE 800, LTE 1800","13, RUE DES PIERRIERS 78125 HERMERAY",78307,"48.6572,1.6758",Pylône tubulaire,45m,TOTEM,2025-08-29,False,True
2633934,ORANGE,SUP,GSM 900,AV FERBER (LE PONT PIERRET) 62250 MARQUISE,62560,"50.8092,1.6953",Pylône tubulaire,25m,TOTEM,2022-12-26,False,False
2662444,ORANGE,SUP,"GSM 900, LTE 700","143, AVENUE DE MALAKOFF 75116 PARIS 16",75116,"48.8756,2.2836",Immeuble,"33,2m",Société Privée,2018-01-02,False,False
2662518,ORANGE,SUP,UMTS 900,RUE DU FAVRIL TERRAIN COMMUNAL (LA FERME DU FAVRIL) 62149 FESTUBERT,62330,"50.5483,2.7244",Pylône autostable,26m,ATC FRANCE,2019-09-26,False,False
267326,ORANGE,SUP,UMTS 900,AV KALISZ RÉSIDENCE PICARDIE 59330 HAUTMONT,59291,"50.2447,3.9278",Immeuble,"23,4m",Société HLM,2021-02-17,False,False
2690693,ORANGE,SUP,UMTS 900,3 RUE BATTANT 25250 LA PRETIERE,25470,"47.4444,6.6117",Pylône autostable,"25,5m",TDF,2020-10-19,False,False
2690713,ORANGE,SUP,UMTS 900,RUE D HERICOURT D18 (LES PERRIERES) 90800 BANVILLARS,90007,"47.5944,6.8072",Pylône autostable,"30,6m",TDF,2021-01-20,False,False
2703772,ORANGE,AJO,5G NR 2100,D5 (LEYCURAS) 87240 ST LAURENT LES EGLISES,87157,"45.9511,1.4589",Pylône autostable,38m,TDF,,False,False
2712969,ORANGE,ALL,5G NR 2100,847 ROUTE DU CHÂTEAU D'EAU (LE MOULIN À VENT) 49150 BAUGE EN ANJOU,49018,"47.6186,-0.0794",Pylône autostable,48m,ON TOWER FRANCE,2025-11-06,False,False
2742547,ORANGE,SUP,"GSM 900, LTE 700",17 RUE HENRI TUROT 75017 PARIS 17,75117,"48.8769,2.3736",Immeuble,26m,Société HLM,1998-10-15,False,False
2748057,ORANGE,AJO,5G NR 2100,ROUTE DE BURIE DERRIERE POTERIE (LE PINIER) 17100 LA CHAPELLE DES POTS,17089,"45.7631,-0.5275",Pylône autostable,36m,TOTEM,,False,False
277129,ORANGE,SUP,GSM 900,"8, R DU ROI SOLEIL 64000 PAU",64445,"43.2994,-0.3503",Immeuble,17m,"Copropriété, Syndic, SCI",2018-04-27,False,False
2781758,ORANGE,SUP,UMTS 900,CIMETIÈRE (EL PEIRÓ) 66210 MATEMALE,66105,"42.5881,2.1161",Pylône autostable,"24,2m",TOTEM,2024-09-19,False,False
2797933,ORANGE,SUP,GSM 900,313 R GARIBALDI 69007 LYON 07,69387,"45.7486,4.8533",Immeuble,31m,"Copropriété, Syndic, SCI",1998-08-14,False,False
2801477,ORANGE,SUP,GSM 900,1 CHEMIN BEAUCHAMPS (FIEF DE L'EBEAUPIN) 17440 AYTRE,17028,"46.1386,-1.1",Pylône autostable,30m,TDF,2024-01-03,False,False
2809804,ORANGE,SUP,LTE 700,RUE DES GÉRANIUMS GARAGE CITROEN 13014 MARSEILLE 14,13214,"43.3414,5.4097",Pylône tubulaire,16m,TOTEM,2023-07-17,False,False
2819237,ORANGE,ALL,LTE 800,PROCHE IMPASSE LOUIS DE FROIDOUR 31500 TOULOUSE,31555,"43.6464,1.4161",Pylône autostable,"30,3m",CELLNEX,2025-11-12,False,True
2837635,ORANGE,AJO,"5G NR 700, 5G NR 3500",CHEMIN DES PLAGNES (LES PINOS) 69210 SAVIGNY,69175,"45.8397,4.5831",Pylône autostable,39m,TDF,,False,False
2837635,ORANGE,SUP,LTE 700,CHEMIN DES PLAGNES (LES PINOS) 69210 SAVIGNY,69175,"45.8397,4.5831",Pylône autostable,39m,TDF,2023-06-12,False,False
2838119,ORANGE,AJO,5G NR 2100,DÉPARTEMENTALE 18 (CAUVIGNAC) 82500 LE CAUSE,82036,"43.8011,0.9814",Pylône autostable,24m,TOTEM,,False,False
2838713,ORANGE,AJO,5G NR 2100,RTE DE PORTETENY (PETIEU) 40210 LABOUHEYRE,40134,"44.2256,-0.9244",Pylône autostable,32m,ATC FRANCE,,False,False
2852472,ORANGE,ALL,"LTE 2100, 5G NR 3500",1 RUE NICOLAS APPERT 29710 PLONEIS,29173,"48.0128,-4.1961",Pylône autostable,30m,ATC FRANCE,2025-10-31,False,False
2855269,ORANGE,AJO,5G NR 2100,IMPASSE DU PEUCH (LE PEUCH) 24140 CLERMONT DE BEAUREGARD,24123,"44.9472,0.6583",Pylône autostable,36m,TOTEM,,False,False
2857051,ORANGE,ALL,"LTE 700, LTE 800",SENTIER DES PARIETTES 73710 PRALOGNAN LA VANOISE,73206,"45.3894,6.7208",Pylône autostable,42m,SFR,2025-09-26,True,False
2870795,ORANGE,SUP,"GSM 900, LTE 700",25 RUE VERNET 75008 PARIS 08,75108,"48.8719,2.2981",Immeuble,29m,"Copropriété, Syndic, SCI",2021-10-05,False,False
2889144,ORANGE,ALL,"UMTS 900, LTE 700, LTE 800",PROCHE D64 (LA LONGAGNE) 12150 SEVERAC D AVEYRON,12270,"44.3844,2.9675",Pylône autostable,"26,9m",FREE-MOBILE,2025-10-30,True,True
2893184,ORANGE,SUP,UMTS 900,4  RUE DU CANAL 80090 AMIENS,80021,"49.9053,2.2794",Pylône tubulaire,27m,SFR,2017-12-20,False,False
2897027,ORANGE,AJO,5G NR 2100,D4 (LA PETITE BRUYÉRE) 23700 ROUGNAT,23164,"46.0319,2.4911",Pylône autostable,30m,TOTEM,,False,False
2897088,ORANGE,SUP,UMTS 900,R DU FOUR À CHAUX (LA LIMAGNE) 15130 ARPAJON SUR CERE,15012,"44.9028,2.4636",Pylône autostable,30m,TOTEM,2021-09-06,False,False
2899901,ORANGE,SUP,GSM 900,62 AVENUE FOCH 75116 PARIS 16,75116,"48.8731,2.2814",Immeuble,32m,"Copropriété, Syndic, SCI",2017-10-26,False,False
2905464,ORANGE,AJO,"LTE 700, LTE 800, LTE 1800, LTE 2100, LTE 2600, 5G NR 700, 5G NR 3500",CHEMIN DU MONT (LE DESSUS DES PATIS) 77100 MAREUIL LES MEAUX,77276,"48.9153,2.8742",Pylône autostable,59m,ATC FRANCE,,False,True
2908525,ORANGE,SUP,UMTS 900,R DU DR ROUX STADE MUNICIPAL 02700 TERGNIER,02738,"49.6722,3.2967",Pylône tubulaire,29m,TOTEM,2018-04-09,False,False
2915173,ORANGE,AJO,5G NR 2100,PROCHE DE CHEMIN D'ENTRESSARGUE-SERAMIAN ROUTE DE LA LAVANDE D189 (SARAMIAN) 26570 MONTBRUN LES BAINS,26193,"44.165,5.4511",Pylône autostable,27m,SFR,,False,False
2915173,ORANGE,SUP,LTE 2100,PROCHE DE CHEMIN D'ENTRESSARGUE-SERAMIAN ROUTE DE LA LAVANDE D189 (SARAMIAN) 26570 MONTBRUN LES BAINS,26193,"44.165,5.4511",Pylône autostable,27m,SFR,,False,False
2915837,ORANGE,SUP,GSM 900,R RAYMOND CORTAT (MARMIERS) 15000 AURILLAC,15014,"44.9117,2.4375",Pylône autostable,28m,TOTEM,1996-10-31,False,False
2916356,ORANGE,ALL,LTE 700,CHEMIN DE LA TAUPERIE C.R. N°54 DU PRÉ DE LAUNAY  (LA TAUPERIE) 28260 GUAINVILLE,28187,"48.9125,1.5031",Pylône autostable,40m,TOTEM,2025-11-13,False,False
2927381,ORANGE,ALL,"LTE 700, LTE 800",PROCHE ROUTE DES BARABANTS DEPARTEMENTALE 59A3 (CROIX LA GANNE) 87800 RILHAC LASTOURS,87124,"45.6511,1.1283",Pylône autostable,26m,CELLNEX,2025-09-08,True,False
2954720,ORANGE,ALL,"UMTS 900, LTE 700, LTE 800",26 ROUTE DU COL 05110 ESPARRON,05049,"44.4758,5.8883",Pylône autostable,12m,TOTEM,2025-11-05,True,True
2957775,ORANGE,AJO,5G NR 2100,616 CHEMIN DU BERTHIER (LE BERTHIER) 69170 VALSONNE,69254,"45.9506,4.4292",Pylône autostable,30m,TDF,,False,False
2966013,ORANGE,SUP,"GSM 900, UMTS 900, LTE 700, LTE 800, LTE 1800, LTE 2100, 5G NR 3500",2 LA MAISON NEUVE (LA MAISON NEUVE) 44360 ST ETIENNE DE MONTLUC,44158,"47.2883,-1.7753",Pylône autostable,36m,TOTEM,,False,True
2972444,ORANGE,SUP,GSM 900,4 RUE TERME REDOUN 81090 LAGARRIGUE,81130,"43.5794,2.2736",Pylône autostable,36m,TOTEM,2002-11-15,False,False
2973572,ORANGE,ALL,"LTE 1800, 5G NR 2100",LD L'OME RUE L'OME (L'OME) 03210 ST MENOUX,03247,"46.5961,3.1253",Pylône autostable,34m,TOTEM,2025-11-05,False,False
2985957,ORANGE,ALL,"LTE 700, LTE 800",ROUTE DES SERRES (BRUOU EST) 84400 GARGAS,84047,"43.9067,5.3489",Pylône autostable,12m,BOUYGUES,2025-09-01,True,False
2986979,ORANGE,SUP,"LTE 1800, LTE 2100, LTE 2600, 5G NR 3500",10 RUE DE LA CHANCELLERIE 78000 VERSAILLES,78646,"48.8028,2.1233",Monument historique,"17,7m","Commune, communauté de communes",2024-07-02,False,False
2991069,ORANGE,ALL,"UMTS 900, LTE 700, LTE 800",ROUTE DU BOURIDE (PÉ DE GARROS) 65150 GENEREST,65194,"43.0367,0.5269",Pylône autostable,33m,FREE-MOBILE,2025-10-21,True,True
299638,ORANGE,SUP,"UMTS 900, LTE 700",2 AV DU PRÉSIDENT RENÉ COTY (DOMAINE DES VIGNES) 87350 PANAZOL,87114,"45.8367,1.2911",Pylône tubulaire,24m,TOTEM,2023-12-18,False,False
3001315,ORANGE,AAV,UMTS 900,CHEMIN DE L HAYERETTE (LE SARRAT) 65150 LOMBRES,65277,"43.0508,0.5094",Pylône autostable,36m,FREE-MOBILE,2025-11-16,True,True
3001315,ORANGE,ALL,"LTE 700, LTE 800",CHEMIN DE L HAYERETTE (LE SARRAT) 65150 LOMBRES,65277,"43.0508,0.5094",Pylône autostable,36m,FREE-MOBILE,2025-11-03,True,True
3005067,ORANGE,ALL,"UMTS 900, LTE 700, LTE 800",D57A PRÈS DU CIMETIÈRE (LES ROCHERS) 63600 ST MARTIN DES OLMES,63374,"45.5342,3.7961",Pylône autostable,30m,TOTEM,2025-11-03,True,True
3014502,ORANGE,SUP,"UMTS 900, LTE 1800, LTE 2100, LTE 2600",PLACE GÉNÉRAL VALÉRIE ANDRÉ BASE MILLITAIRE 91220 LE PLESSIS PATE,91494,"48.5956,2.3483",Pylône tubulaire,12m,TOTEM,2024-09-07,False,False
3014651,ORANGE,SUP,GSM 900,ROUTE DE PUY LAPORTE (LA MONTADE) 19100 BRIVE LA GAILLARDE,19031,"45.1417,1.5272",Pylône autostable,29m,TOTEM,2009-12-15,False,False
3014655,ORANGE,SUP,"UMTS 900, LTE 700",111 AVENUE JEAN-JACQUES ROUSSEAU 19100 BRIVE LA GAILLARDE,19031,"45.1486,1.51",Pylône autostable,31m,TOTEM,2023-10-23,False,False
3020974,ORANGE,SUP,GSM 900,7 RTE DES COMBES 74500 LUGRIN,74154,"46.3994,6.6808",Pylône autostable,30m,TOTEM,2020-01-15,False,False
3026365,ORANGE,ALL,"UMTS 900, LTE 700, LTE 800",CHEMIN RURAL N°20 (LA CHASSAGNE) 69870 ST NIZIER D AZERGUES,69229,"46.0925,4.4639",Pylône autostable,36m,TOTEM,2025-11-06,True,True
3032005,ORANGE,AJO,"UMTS 900, LTE 700, LTE 800",36 CHEMIN DE PECH LAQUET BOULODROME 46170 ST PAUL FLAUGNAC,46103,"44.2825,1.3922",Pylône autostable,24m,FREE-MOBILE,,True,True
3036654,ORANGE,ALL,"LTE 700, LTE 800",21 RUE DE BEAUMETZ 62310 MATRINGHEM,62562,"50.5464,2.1694",Pylône autostable,"36,3m",BOUYGUES,2025-09-10,True,False
3037306,ORANGE,ALL,LTE 800,2 PLACE DE LISBONNE RUE DES CAUQUILLOUS PARKING CIRCÉ 34090 MONTPELLIER,34172,"43.6047,3.9181",Bâtiment,"19,5m","Commune, communauté de communes",2025-11-12,False,True
3038574,ORANGE,SUP,"GSM 900, LTE 700",170 R ST CHARLES 75015 PARIS 15,75115,"48.8414,2.2808",Immeuble,33m,"Copropriété, Syndic, SCI",2004-11-30,False,False
3039896,ORANGE,ALL,"LTE 700, LTE 800",713 RTE DE CELLETTES AIRE DE LOISIRS DU RIOU 41250 TOUR EN SOLOGNE,41262,"47.5369,1.4908",Pylône autostable,42m,CELLNEX,2025-10-22,True,False
3042627,ORANGE,ALL,"LTE 700, LTE 800",RUE DU TRECH (CHAMP DEL FAURE) 19300 PERET BEL AIR,19159,"45.4556,2.0233",Pylône autostable,31m,BOUYGUES,2025-09-09,True,False
3047445,ORANGE,SUP,"GSM 900, LTE 700",46 RUE DES BOIENS 33380 BIGANOS,33051,"44.6394,-0.9786",Pylône autostable,"25,2m",ORANGE,2024-12-09,False,False
3051204,ORANGE,ALL,"5G NR 700, 5G NR 3500",14 R DE LA GARE D954 57220 CONDE NORTHEN,57150,"49.1486,6.425",Pylône autostable,"40,4m",ATC FRANCE,2025-10-30,False,False
3053671,ORANGE,ALL,"LTE 1800, LTE 2100, 5G NR 700, 5G NR 3500",CHEMIN DE L'ETANG 67980 HANGENBIETEN,67182,"48.5522,7.6158",Pylône autostable,"29,9m",TOTEM,2025-11-05,False,False
3056426,ORANGE,ALL,"UMTS 900, LTE 700, LTE 800",58 RUE DE LA VENDÉE (LE PATIS D'AJONCS) 85240 PUY DE SERRE,85184,"46.56,-0.6578",Pylône autostable,31m,BOUYGUES,2025-10-29,True,True
3058580,ORANGE,SUP,GSM 900,1 BOULEVARD JEANNE D'ARC 59530 LE QUESNOY,59481,"50.2478,3.6314",Pylône autostable,24m,ORANGE,2025-01-13,False,False
3065900,ORANGE,ALL,5G NR 2100,LE FOND DES CHEMINS PRÈS D4 22410 LANTIC,22117,"48.5997,-2.8825",Pylône autostable,30m,TOTEM,2025-11-06,False,False
3066147,ORANGE,ALL,"UMTS 900, LTE 700, LTE 800",ROUTE DE SABRES (LAS CAPULES) 40110 MORCENX LA NOUVELLE,40197,"44.0689,-0.8425",Pylône autostable,36m,FREE-MOBILE,2025-10-15,True,True
3072143,ORANGE,ALL,"LTE 700, LTE 800", (A BRAZA) 19290 PEYRELEVADE,19164,"45.7514,2.0292",Pylône autostable,30m,CELLNEX,2025-10-14,True,True
3078255,ORANGE,ALL,"LTE 700, LTE 800",ROUTE DE OISLY (LES GUIGNES) 41700 COUDDES,41062,"47.3778,1.3839",Pylône autostable,30m,CELLNEX,2025-10-20,True,False
3085784,ORANGE,SUP,UMTS 900,2250 CHEMIN DU MAS DE ROULAN (DOMAINE DE CALVAS) 30900 NIMES,30189,"43.8644,4.3758",Pylône arbre,"24,5m",TOTEM,2019-10-23,False,False
3089685,ORANGE,ALL,"LTE 700, LTE 800",280 CHEMIN DES EYGAS (LOMES) 07610 SECHERAS,07312,"45.1289,4.7744",Pylône autostable,36m,SFR,2025-10-07,True,False
3093855,ORANGE,ALL,"UMTS 900, LTE 800, LTE 1800, 5G NR 700, 5G NR 3500",LE CHEMIN DE LA GAYE (PUY DE THÈ) 63200 PROMPSAT,63288,"45.9417,3.0725",Pylône autostable,30m,TDF,2025-11-05,False,True
3093878,ORANGE,SUP,GSM 900,AVENUE DE LA ROQUETTE ZA DE BERRET 30200 BAGNOLS SUR CEZE,30028,"44.1558,4.6367",Pylône tubulaire,"24,6m",TOTEM,2010-11-04,False,False
3094138,ORANGE,ALL,"LTE 700, LTE 800", (LES PRADES) 23500 LA NOUAILLE,23144,"45.8658,2.0786",Pylône autostable,42m,BOUYGUES,2025-10-07,True,True
3105699,ORANGE,ALL,"LTE 700, LTE 800",CHEMIN RURAL DU PLATEAU DE SUERME (TERRES LONGUES) 01230 ARGIS,01017,"45.9394,5.4658",Pylône autostable,"11,5m",CELLNEX,2025-09-08,True,False
3105867,ORANGE,ALL,"LTE 700, LTE 800", (LA LOUBE) 43170 SAUGUES,43234,"44.9275,3.4597",Pylône autostable,42m,SFR,2025-09-02,True,False
3110713,ORANGE,ALL,"LTE 700, LTE 800",LES GRANDES GATINES (BEL AIR) 58310 ST VERAIN,58270,"47.4778,3.0294",Pylône autostable,"42,5m",BOUYGUES,2025-09-30,True,False
3129856,ORANGE,ALL,"LTE 700, LTE 800",ROUTE DE LUHUSOKO ERREPIDEA D119 (ERRAYTY SUD) 64640 HELETTE,64259,"43.3072,-1.2669",Pylône autostable,30m,SFR,2025-10-20,True,False
3130511,ORANGE,SUP,UMTS 900,36 RUE ARTHUR RIMBAUD RUE ST EXUPÉRY IMMEUBLE MOSELIS RIMBAUD 57800 FREYMING MERLEBACH,57240,"49.1525,6.825",Bâtiment,"17,6m",TOTEM,2021-12-15,False,False
3134843,ORANGE,SUP,GSM 900,8 AVENUE DE LA RÉSISTANCE RÉSIDENCE SAINT ALBAN 06140 VENCE,06157,"43.7228,7.1106",Immeuble,"29,4m","Copropriété, Syndic, SCI",2019-06-17,False,False
3146766,ORANGE,ALL,"LTE 700, LTE 800",PROCHE DE RUE DES BORDES (SERRAT DEL CABRIDADOU) 66720 LANSAC,66092,"42.7708,2.5642",Pylône autostable,"30,3m",SFR,2025-07-31,True,False
3161104,ORANGE,AJO,"LTE 1800, 5G NR 2100",21BIS RUE DU CHATEAU DEAU (LIOUJAS) 12740 LA LOUBIERE,12131,"44.4028,2.6342",Château d'eau - réservoir,42m,"Syndicat des eaux, Adduction",,False,False
3161504,ORANGE,ALL,"LTE 700, LTE 800, LTE 1800, 5G NR 2100",CHEMIN RURAL DE DOMART-EN-PONTHIEU À PERNOIS (LE RIDEAU HÉRON) 80670 PERNOIS,80619,"50.0522,2.1708",Pylône autostable,30m,TOTEM,2025-11-04,False,True
3169153,ORANGE,ALL,"UMTS 900, LTE 700, LTE 800, LTE 1800, 5G NR 2100",CHEMIN IRIGOINIA A64 64240 BRISCOUS,64147,"43.4472,-1.3194",Pylône autostable,30m,Sociétés d'Autoroutes,2025-11-03,False,True
3169602,ORANGE,SUP,GSM 900,12-14 RUE MARYSE BASTIÉ RÉSIDENCE JEAN JAURÈS 62200 BOULOGNE SUR MER,62160,"50.7167,1.5925",Immeuble,"37,8m",Société HLM,2006-02-28,False,False
3181705,ORANGE,AAV,"LTE 800, 5G NR 700",9 RUE LES DIX ARPENTS OCRES 95610 ERAGNY,95218,"49.0189,2.1075",Immeuble,30m,Société HLM,2025-12-03,False,True
3191004,ORANGE,ALL,"LTE 800, LTE 1800, LTE 2100, LTE 2600, 5G NR 3500",288 RUE DE LA MADELEINE RÉSIDENCE MARCELLE PROUST 34090 MONTPELLIER,34172,"43.5825,3.8606",Bâtiment,"26,9m",TOTEM,2025-11-03,False,True
3193514,ORANGE,ALL,"UMTS 900, LTE 800, LTE 1800, LTE 2100, LTE 2600, 5G NR 700, 5G NR 3500",25 BD DE L'ESPÉRANCE 6 RÉS GUYNEMER 59640 DUNKERQUE,59183,"51.0308,2.3394",Immeuble,"25,6m",Société HLM,2025-11-06,False,True
3194601,ORANGE,ALL,LTE 1800,1410 RUE CHARLES NUNGESSER 42340 VEAUCHE,42323,"45.55,4.3039",Bâtiment,9m,Société Privée,2025-11-03,False,True
3194878,ORANGE,AJO,"UMTS 900, LTE 700, LTE 800",6 PLACE DE LA MAIRIE 27290 FRENEUSE SUR RISLE,27267,"49.2511,0.6725",Pylône tubulaire,18m,ATC FRANCE,,True,True
3195556,ORANGE,ALL,"UMTS 900, LTE 800, LTE 1800, LTE 2100, LTE 2600",ROUTE DE TAXO À LA MER CH DU PAS DE LAS BAQUES (GOURG DE NACRAPS) 66700 ARGELES SUR MER,66008,"42.5714,3.0261",Pylône tubulaire,12m,TOTEM,2025-11-10,False,True
3196650,ORANGE,AJO,"GSM 900, UMTS 900, LTE 800, LTE 1800, LTE 2100, LTE 2600, 5G NR 700, 5G NR 3500",14 RUE DU CHAMP FROMAGER (LA GARE) 03400 YZEURE,03321,"46.5553,3.3372",Pylône autostable,24m,SNCF,,False,True
3197015,ORANGE,AJO,"LTE 800, LTE 1800, LTE 2100, LTE 2600, 5G NR 700, 5G NR 3500",48 AVENUE REILLE 75014 PARIS 14,75114,"48.8244,2.3367",Bâtiment,29m,TOTEM,,False,True
3197052,ORANGE,AJO,"LTE 800, LTE 1800, LTE 2100, LTE 2600, 5G NR 700, 5G NR 3500",7 AVENUE MARC SANGNIER 69300 CALUIRE ET CUIRE,69034,"45.7975,4.8486",Bâtiment,"20,1m",Société HLM,,False,True
3197276,ORANGE,AJO,"LTE 700, LTE 800, LTE 1800, 5G NR 2100",317 LA VALLÉE DU MOULIN 18400 LUNERY,18133,"46.9567,2.2378",Pylône autostable,42m,ATC FRANCE,,False,True
3197292,ORANGE,AJO,"LTE 800, LTE 1800, LTE 2100, LTE 2600, 5G NR 700, 5G NR 3500",CHEMIN DE LA TOUR DE L?ORB (GAILLARDELS) 34420 PORTIRAGNES,34209,"43.2861,3.3619",Pylône tubulaire,24m,TOTEM,,False,True
320051,ORANGE,SUP,UMTS 900,53 RTE DE PARIS 03300 CUSSET,03095,"46.1428,3.4569",Bâtiment,17m,ORANGE,2015-09-01,False,False
3203599,ORANGE,ALL,"LTE 700, LTE 800",CHEMIN LA PLANE (LE BALUET) 09290 LE MAS D AZIL,09181,"43.0419,1.32",Pylône autostable,30m,TDF,2025-11-12,False,True
329685,ORANGE,SUP,"GSM 900, LTE 700", (LA FERTE) 78460 CHOISEL,78162,"48.6819,2.0106",Pylône autostable,15m,TOTEM,2007-02-08,False,False
339521,ORANGE,SUP,UMTS 900,D23BIS R DE LA CROIX STATION D'EPURATION 57150 CREUTZWALD,57160,"49.2153,6.6947",Pylône arbre,24m,"Commune, communauté de communes",2019-07-31,False,False
354467,ORANGE,SUP,UMTS 900,160  R. DU LADHOF Z.I. EST 68000 COLMAR,68066,"48.0944,7.3753",Pylône tubulaire,27m,TOTEM,2021-06-22,False,False
365465,ORANGE,SUP,UMTS 900,R DE L'EGLISE D 60 57310 GUENANGE,57269,"49.2947,6.1975",Monument religieux,29m,"Commune, communauté de communes",2020-10-14,False,False
370650,ORANGE,SUP,GSM 900,CHEM RURAL (LA CAVE HAUTE) 12490 ST ROME DE CERNON,12243,"44.0278,2.9792",Pylône autostable,24m,TOTEM,2007-08-02,False,False
437076,ORANGE,ALL,LTE 700, (PUECH BLANC) 34230 AUMELAS,34016,"43.6181,3.6117",Pylône autostable,14m,TDF,2025-11-12,False,False
438773,ORANGE,SUP,UMTS 900,41 R DU BARROIS PUITS BARROIS 57150 CREUTZWALD,57160,"49.1925,6.7078",Pylône autostable,42m,HIVORY,2019-08-23,False,False
440178,ORANGE,SUP,"GSM 900, LTE 700",17 IMP TRUILLOT 75011 PARIS 11,75111,"48.86,2.3739",Bâtiment,24m,Association,2017-11-30,False,False
443237,ORANGE,ALL,LTE 800,CHEMIN RURAL 156 (LA DRAGONNE) 34500 BEZIERS,34032,"43.3267,3.2067",Pylône autostable,"45,5m",TDF,2025-11-12,False,True
443286,ORANGE,SUP,"GSM 900, LTE 700",12/14/16 R WASHINGTON  75008 PARIS 08,75108,"48.8728,2.3025",Bâtiment,30m,"Copropriété, Syndic, SCI",1999-01-22,False,False
443652,ORANGE,SUP,GSM 900,RTE DE CUIRASSOU ETS RIGOULET (CUIRASSOU) 24430 MARSAC SUR L ISLE,24256,"45.1839,0.6761",Pylône autostable,25m,TOTEM,2008-09-24,False,False
445003,ORANGE,SUP,"GSM 900, LTE 700",CHEM RURAL N°32 (BAZA) 07200 AUBENAS,07019,"44.6225,4.4033",Pylône autostable,18m,TOTEM,2005-01-07,False,False
445483,ORANGE,SUP,"GSM 900, LTE 700",6 PL DE L'ÉGLISE EGLISE ST-PIERRE-FOURIER 88000 CHANTRAINE,88087,"48.1722,6.435",Monument religieux,"35,4m","Commune, communauté de communes",2001-04-06,False,False
445766,ORANGE,ALL,5G NR 3500,N330 PYLÔNE RFF / PK22 (MONTBOUT) 77124 PENCHARD,77358,"49.0,2.8489",Pylône autostable,38m,SNCF Réseau,2025-10-10,False,False
450197,ORANGE,SUP,GSM 900,187 R ST LADRE SUPERMARCHE CHAMPION 59400 CAMBRAI,59122,"50.1625,3.2494",Pylône tubulaire,30m,TOTEM,2001-08-03,False,False
453013,ORANGE,AJO,"LTE 800, LTE 1800, LTE 2100, 5G NR 700, 5G NR 3500",RTE DES AULNAYS (LE PRE DU DEVANT) 72700 SPAY,72344,"47.9247,0.1758",Pylône autostable,45m,TDF,,False,True
454350,ORANGE,AJO,"5G NR 700, 5G NR 3500",14 AV DU PARC CHAUFFERIE URBAINE 21800 QUETIGNY,21515,"47.3158,5.1183",Bâtiment,46m,Société Privée,,False,False
454350,ORANGE,SUP,LTE 700,14 AV DU PARC CHAUFFERIE URBAINE 21800 QUETIGNY,21515,"47.3158,5.1183",Bâtiment,46m,Société Privée,,False,False
455378,ORANGE,SUP,"GSM 900, LTE 700",1 R ST JEROME HOTEL MERCURE ST GEORGES 31500 TOULOUSE,31555,"43.6033,1.4483",Immeuble,28m,"Copropriété, Syndic, SCI",2008-11-24,False,False
456032,ORANGE,SUP,"GSM 900, LTE 700",ALLÉE N°5 ZI INOVA 3000 (FONTAINE LA CHATTE) 88150 THAON LES VOSGES,88465,"48.2572,6.3981",Pylône autostable,40m,CELLNEX,2002-11-15,False,False
459121,ORANGE,SUP,GSM 900,LES FOURCHES 04000 DIGNE LES BAINS,04070,"44.0778,6.2147",Pylône autostable,20m,TDF,1997-06-13,False,False
461670,ORANGE,ALL,5G NR 2100,VC N° 114 (LA CÔTE DES VAUX) 88700 DOMPTAIL,88153,"48.4508,6.62",Pylône autostable,47m,TDF,2025-11-05,False,False
461941,ORANGE,ALL,5G NR 3500,51 R DE CUREMBOURG TOUR HERTZIENNE (LES BICHARDERIES) 45400 FLEURY LES AUBRAIS,45147,"47.9433,1.9275",Tour hertzienne,98m,TDF,2025-09-09,False,False
463907,ORANGE,SUP,UMTS 900,R DE PLEIN SUD TOUR DE SÉCHAGE DES POMPIERS 43600 STE SIGOLENE,43224,"45.2392,4.2367",Bâtiment,19m,"Commune, communauté de communes",2018-09-24,False,False
464077,ORANGE,AJO,"5G NR 700, 5G NR 3500",BOIS D'HURTEBISE (LA PERRIERE) 16410 DIRAC,16120,"45.6156,0.1922",Pylône autostable,66m,TDF,,False,False
464077,ORANGE,SUP,LTE 700,BOIS D'HURTEBISE (LA PERRIERE) 16410 DIRAC,16120,"45.6156,0.1922",Pylône autostable,66m,TDF,2020-12-17,False,False
464643,ORANGE,ALL,5G NR 700, (CLEMENEHY) 29460 LOGONNA DAOULAS,29137,"48.3294,-4.2878",Pylône autostable,33m,ATC FRANCE,2025-11-13,False,False
464845,ORANGE,AJO,"5G NR 700, 5G NR 3500",R YVONNE CHAUFFIN (TY BORDEAUX) 29300 QUIMPERLE,29233,"47.8631,-3.5508",Pylône autostable,"48,5m",TDF,,False,False
466077,ORANGE,AJO,"LTE 1800, 5G NR 2100",ROUTE GATE BOURSE 86800 JARDRES,86114,"46.5639,0.5578",Pylône autostable,50m,TDF,,True,False
467241,ORANGE,SUP,"GSM 900, LTE 700",R DES VIEUX MOULINS 88200 REMIREMONT,88383,"48.0186,6.5975",Pylône autostable,40m,TOTEM,2001-06-22,False,False
467569,ORANGE,ALL,"LTE 700, 5G NR 2100",R DE L'EGLISE CHATEAU D'EAU 95420 CLERY EN VEXIN,95166,"49.1275,1.8383",Château d'eau - réservoir,30m,"Syndicat des eaux, Adduction",2025-11-07,False,False
467583,ORANGE,AAV,5G NR 700,LE CHEM DE NEMOUR RTE DE VILLIERS-SOUS-GREZ 77760 URY,77477,"48.3417,2.6111",Pylône autostable,47m,HIVORY,2025-12-03,False,False
476560,ORANGE,AJO,"LTE 700, LTE 2600, 5G NR 2100",CHEM DU CHATEAU D'EAU CHATEAU D'EAU 57930 MITTERSHEIM,57469,"48.8594,6.9406",Château d'eau - réservoir,45m,"Syndicat des eaux, Adduction",,False,False
476560,ORANGE,SUP,LTE 2100,CHEM DU CHATEAU D'EAU CHATEAU D'EAU 57930 MITTERSHEIM,57469,"48.8594,6.9406",Château d'eau - réservoir,45m,"Syndicat des eaux, Adduction",2024-09-26,False,False
478617,ORANGE,SUP,"GSM 900, UMTS 900",CLOS DE L'EGLISE 69970 CHAPONNAY,69270,"45.6286,4.9411",Monument religieux,23m,"Commune, communauté de communes",2006-05-06,False,False
478982,ORANGE,ALL,5G NR 2100,RTE D'HARAUMONT (AU CORNILLAT) 55110 VILOSNES HARAUMONT,55571,"49.3528,5.3047",Pylône haubané,60m,TDF,2025-11-03,False,False
479006,ORANGE,SUP,GSM 900, (ST AUXILE) 83830 CALLAS,83028,"43.5875,6.5539",Pylône autostable,33m,TDF,2019-06-17,False,False
479125,ORANGE,SUP,UMTS 900,4 PL  PHILIPPE MARCOMBE 63100 CLERMONT FERRAND,63113,"45.7792,3.0864",Immeuble,22m,Particulier,2019-10-10,False,False
480660,ORANGE,SUP,"GSM 900, LTE 700",153 ROUTE D'ÉPINAL LE POIRIER (LA QUEMINE) 88000 DOGNEVILLE,88136,"48.2336,6.4533",Pylône autostable,34m,ATC FRANCE,2001-06-08,False,False
480664,ORANGE,SUP,"GSM 900, LTE 700",CHEM RURAL NO 22 (BOIS DE VESSERY) 78460 CHEVREUSE,78160,"48.6986,2.0556",Pylône autostable,43m,TDF,2019-10-14,False,False
483447,ORANGE,ALL,"LTE 700, 5G NR 2100",LA FERME DU MÉNAGE D142 62170 BRIMEUX,62177,"50.4278,1.8219",Pylône tubulaire,37m,HIVORY,2025-11-06,False,False
484544,ORANGE,SUP,GSM 900,R PARMENTIER  ATELIERS MUNICIPAUX PRÈS VOIE FERRÉE 03000 MOULINS,03190,"46.5797,3.3297",Pylône autostable,22m,TOTEM,2003-07-18,False,False
484710,ORANGE,SUP,"UMTS 900, LTE 700", (LES AIGUILLES AUX RETS) 79270 FRONTENAY ROHAN ROHAN,79130,"46.2653,-0.5356",Pylône autostable,"49,3m",TDF,2021-07-19,False,False
486094,ORANGE,AJO,"5G NR 700, 5G NR 3500",4 R DE LA MARNE RES LE WELCOME 06500 MENTON,06083,"43.7753,7.5036",Immeuble,24m,"Copropriété, Syndic, SCI",,False,False
486106,ORANGE,SUP,GSM 900,CHEM DU BROC DE L'AGAÇO (LE BROC DE L'AGAÇO) 32000 AUCH,32013,"43.6675,0.5375",Pylône autostable,12m,TOTEM,2009-09-18,False,False
486987,ORANGE,SUP,"GSM 900, LTE 700",21 R POQUELIN MOLIERE TOUR DU GAZ DE BORDEAUX 33800 BORDEAUX,33063,"44.84,-0.5775",Bâtiment,51m,"Commune, communauté de communes",2004-09-25,False,False
493032,ORANGE,SUP,"GSM 900, LTE 700",R DE VERDUN CENTRAL TÉLÉPHONIQUE PROCHE RN 59 ET DE LA GARE 54120 BACCARAT,54039,"48.4553,6.7422",Pylône autostable,34m,TOTEM,2000-06-30,False,False
493923,ORANGE,SUP,"GSM 900, LTE 700",MALADIÈRE (LA MALADIÈRE) 07300 ST JEAN DE MUZOLS,07245,"45.0775,4.8214",Pylône autostable,34m,TOTEM,2004-08-21,False,False
494221,ORANGE,SUP,"GSM 900, LTE 800",PK 177 N1 (ORGANABO) 97350 IRACOUBO,97303,"5.5483,-53.4608",Pylône autostable,51m,DIGICEL,2019-03-25,False,False
497276,ORANGE,AJO,"LTE 700, LTE 800, LTE 1800, 5G NR 2100",RTE DE CRESSY LES BOIS (VIGNES DE BEAUREGARD) 58220 DONZY,58102,"47.3683,3.1353",Pylône autostable,30m,TDF,,False,True
497280,ORANGE,SUP,UMTS 900,3555 AV PETITE SYNTHE EGLISE ST NICOLAS 59640 DUNKERQUE,59183,"51.0183,2.3242",Monument religieux,38m,"Commune, communauté de communes",2018-06-28,False,False
498851,ORANGE,ALL,"5G NR 700, 5G NR 3500",D 85 (LA FORET DE CARNELLE) 95590 NOINTEL,95452,"49.1261,2.3014",Pylône autostable,30m,TOTEM,2025-11-03,False,False
501234,ORANGE,SUP,GSM 900,ROUTE DE ROQUELAURE ZONE COMMERCIALE DE CLARAC (MOUROUSSIN) 32000 AUCH,32013,"43.6667,0.595",Pylône tubulaire,30m,TOTEM,2005-04-30,False,False
510291,ORANGE,SUP,"GSM 900, UMTS 900, LTE 700",20 PL DE LA RÉPUBLIQUE RÉSIDENCE MAR Y MONTÈS 64700 HENDAYE,64260,"43.3581,-1.775",Immeuble,24m,"Copropriété, Syndic, SCI",2006-01-21,False,False
511217,ORANGE,AJO,5G NR 2100,L'ORMEAU GRÉMONT (BOUCOEUR) 79330 ST VARENT,79299,"46.9061,-0.1953",Pylône autostable,"34,8m",TDF,,False,False
514228,ORANGE,AJO,"GSM 900, UMTS 900, LTE 800, LTE 1800, LTE 2100, LTE 2600, 5G NR 700, 5G NR 3500",VOIE COMMUNALE N°3 DITE DU MONT ECANU PROCHE CHÂTEAU D'EAU 14430 DOZULE,14229,"49.2211,-0.0494",Pylône autostable,"31,7m",TOTEM,,False,True
515628,ORANGE,SUP,GSM 900, (S1 SIGNAL DE FLAGIT) 48000 BALSIEGES,48016,"44.5197,3.4522",Pylône autostable,30m,ORANGE,1993-09-03,False,False
517151,ORANGE,SUP,"GSM 900, LTE 700",21TER AV EDOUARD VII HOTEL VICTORIA SURF 64200 BIARRITZ,64122,"43.4847,-1.5572",Immeuble,46m,"Copropriété, Syndic, SCI",2005-02-12,False,False
522587,ORANGE,SUP,UMTS 900,10 PL. LOUIS BONVIN 03100 MONTLUCON,03185,"46.3297,2.6197",Immeuble,13m,Particulier,2018-09-24,False,False
524093,ORANGE,SUP,GSM 900,PL STE THERESE EGLISE 49100 ANGERS,49007,"47.4803,-0.5642",Monument religieux,47m,"Commune, communauté de communes",2001-07-19,False,False
525774,ORANGE,SUP,GSM 900,R DE PRÉ CHARAUD 86580 VOUNEUIL SOUS BIARD,86297,"46.5544,0.2861",Château d'eau - réservoir,"26,3m","Commune, communauté de communes",2003-10-06,False,False
527979,ORANGE,ALL,LTE 700,CHEM RURAL (BONNENFINGERWIESE) 57200 BLIESBRUCK,57091,"49.1072,7.1733",Pylône autostable,30m,HIVORY,2025-11-07,False,False
531356,ORANGE,SUP,"GSM 900, LTE 700",14-16 R DES FAVORITES IMM BOURSEUL 75015 PARIS 15,75115,"48.8381,2.3028",Immeuble,42m,La Poste,2004-04-06,False,False
531572,ORANGE,SUP,GSM 900,CHEM VICINAL N°16 (FONT DE MOURRE) 84400 APT,84003,"43.8853,5.4308",Pylône autostable,"16,5m",TOTEM,1997-07-21,False,False
535015,ORANGE,AJO,"5G NR 700, 5G NR 3500",CHEM RURAL FERME WICKENAU (WICKENAU) 67540 OSTWALD,67365,"48.5397,7.7008",Pylône autostable,40m,TOTEM,,False,False
535015,ORANGE,SUP,LTE 700,CHEM RURAL FERME WICKENAU (WICKENAU) 67540 OSTWALD,67365,"48.5397,7.7008",Pylône autostable,40m,TOTEM,,False,False
538683,ORANGE,ALL,"UMTS 900, LTE 700, LTE 1800",R DES ECOLES KNOPPGAERTEN 57200 BLIES GUERSVILLER,57093,"49.1522,7.0933",Pylône tubulaire,28m,ORANGE,2025-11-03,False,False
542733,ORANGE,SUP,GSM 900,22 COURS JEAN JAURES 38100 GRENOBLE,38185,"45.1906,5.7194",Bâtiment,36m,"Copropriété, Syndic, SCI",2001-03-28,False,False
542734,ORANGE,SUP,GSM 900,R DU STADE STADE MUNICIPAL 69510 SOUCIEU EN JARREST,69176,"45.6775,4.6961",Pylône autostable,22m,TOTEM,2004-10-30,False,False
542844,ORANGE,AJO,"LTE 700, LTE 1800, 5G NR 2100",D.23 - A.11 (LES GUYONNIÈRES) 72300 LA CHAPELLE D ALIGNE,72061,"47.7214,-0.2517",Pylône autostable,45m,Sociétés d'Autoroutes,,False,False
546890,ORANGE,SUP,UMTS 900,R DE RIMARD ARRÊT SNCF MONTLUÇON - RIMARD  03100 MONTLUCON,03185,"46.3356,2.6108",Pylône tubulaire,22m,TOTEM,2021-11-16,False,False
553991,ORANGE,SUP,GSM 900,11/19 R STE CATHERINE 33800 BORDEAUX,33063,"44.8411,-0.575",Bâtiment,"35,2m",Société Privée,1997-03-21,False,False
554552,ORANGE,ALL,"LTE 700, LTE 800",8 DOMAINE DES SEPT ILES RTE DU 19 MARS 1962 93220 GAGNY,93032,"48.8978,2.5444",Immeuble,19m,Société HLM,2025-10-22,False,False
556461,ORANGE,AJO,5G NR 700,R JEAN BAPTISTE COLBERT MELUN IMPRESSION 77350 LE MEE SUR SEINE,77285,"48.5514,2.6306",Pylône tubulaire,24m,TOTEM,,False,False
556461,ORANGE,SUP,LTE 700,R JEAN BAPTISTE COLBERT MELUN IMPRESSION 77350 LE MEE SUR SEINE,77285,"48.5514,2.6306",Pylône tubulaire,24m,TOTEM,2023-10-17,False,False
556715,ORANGE,SUP,"GSM 900, LTE 700",39 BD VALBENOITE 42230 ST ETIENNE,42218,"45.4272,4.3956",Immeuble,23m,"Copropriété, Syndic, SCI",2009-03-30,False,False
559425,ORANGE,SUP,GSM 900,47 AV DE LA LIBÉRATION STADE PIERRE LACORE (LA CROIX ROUGE) 87220 FEYTIAT,87065,"45.815,1.3358",Pylône tubulaire,32m,HIVORY,2009-07-27,False,False
560701,ORANGE,SUP,GSM 900,40 PL DU 14 JUILLET HÔTEL LE MOLIÈRE 34120 PEZENAS,34199,"43.4606,3.4253",Bâtiment,19m,"Copropriété, Syndic, SCI",2009-04-06,False,False
562488,ORANGE,SUP,"GSM 900, LTE 700",10 R BASSANO 75116 PARIS 16,75116,"48.8683,2.2969",Bâtiment,33m,ORANGE Services Fixes,1998-12-03,False,False
564932,ORANGE,SUP,GSM 900,CHEM RURAL 5 DE LA GARDIE À VILLENEUVE MINERVOIS PROCHE INTERSECTION AVEC D112 (LA BADE) 11160 VILLENEUVE MINERVOIS,11433,"43.3044,2.4661",Pylône autostable,52m,RTE,2009-12-18,False,False
566894,ORANGE,SUP,LTE 2100,ROUTE DE L' ÉGLISE PROCHE D15 VERS LIEU DIT CLAIRE FONTAINE (LE VILA) 66400 REYNES,66160,"42.4994,2.7069",Pylône tubulaire,"13,5m",TOTEM,2021-06-01,False,False
568510,ORANGE,SUP,"GSM 900, LTE 700",BD  DU PARC (LE MORTARD) 70200 LURE,70310,"47.6911,6.5097",Pylône autostable,"39,3m",TOTEM,1997-01-24,False,False
571717,ORANGE,ALL,"LTE 700, 5G NR 2100",R DES EPAGNES    95640 SANTEUIL,95584,"49.1275,1.9431",Château d'eau - réservoir,29m,"Syndicat des eaux, Adduction",2025-11-06,False,False
575613,ORANGE,SUP,"GSM 900, LTE 700",LES GRANDES RAIES CHEM RURAL PIERRE TORRION (TERRE DU BOIS) 01290 GRIEGES,01179,"46.2583,4.8303",Pylône autostable,37m,HIVORY,2009-12-11,False,False
577652,ORANGE,ALL,5G NR 3500,TOUL HOUEZAN COMPLEXE SPORTIF DE BÉGARD BOULODROME 22140 BEGARD,22004,"48.6247,-3.2967",Pylône tubulaire,30m,TOTEM,2025-11-06,False,False
578274,ORANGE,SUP,UMTS 900, (LES HAUTS CHAMPS) 62137 COULOGNE,62244,"50.9228,1.8953",Pylône autostable,35m,ATC FRANCE,2018-01-10,False,False
583432,ORANGE,SUP,GSM 900,PRÉS AUTOROUTE DES DEUX MERS (LES CASTELLES) 11170 CAUX ET SAUZENS,11084,"43.2083,2.2403",Pylône autostable,18m,TOTEM,2009-06-19,False,False
583963,ORANGE,SUP,GSM 900,15/17 R RABELAIS CSE POMPIER 69003 LYON 03,69383,"45.7628,4.8442",Bâtiment,47m,"SDIS, secours, incendie",1999-11-02,False,False
584623,ORANGE,SUP,UMTS 900,16 R YVES LAMOURDEDIEU FACE AU POSTE ÉLECTRIQUE (PRÉ DES CLOS) 63500 ISSOIRE,63178,"45.5544,3.2567",Pylône autostable,46m,RTE,2021-11-03,False,False
589292,ORANGE,ALL,LTE 700,VOIE COMMUNALE N° 204 (MOULIN DE POMMIER) 24410 PARCOUL CHENAUD,24316,"45.1997,0.0153",Pylône autostable,30m,HIVORY,2025-11-12,False,False
596835,ORANGE,SUP,GSM 900,46 ALL D'ITALIE ECOLE NORMALE SUPÉRIEURE 69007 LYON 07,69387,"45.7297,4.8269",Immeuble,27m,"État, Ministère",2013-03-29,False,False
597633,ORANGE,SUP,UMTS 900,R DE MAUBEUGE LE STADE 59138 BACHANT,59041,"50.2128,3.8681",Pylône autostable,30m,HIVORY,2021-11-03,False,False
605367,ORANGE,SUP,GSM 900,5255 R DE LA LIBÉRATION LA MARTINIÈRE 73000 BARBERAZ,73029,"45.5656,5.9447",Pylône tubulaire,26m,TOTEM,2005-08-02,False,False
606627,ORANGE,SUP,GSM 900,CHEM RURAL N°5 (LA FONT DE GOUAS) 33390 CARTELEGUE,33101,"45.19,-0.5689",Pylône autostable,33m,TOTEM,1998-09-25,False,False
607207,ORANGE,ALL,LTE 700, (LA CHATAIGNERAIE) 87510 PEYRILHAC,87118,"45.9603,1.1636",Pylône autostable,35m,HIVORY,2025-11-12,False,False
608641,ORANGE,ALL,"5G NR 700, 5G NR 3500",79 AV NIEL 75017 PARIS 17,75117,"48.8828,2.2961",Immeuble,36m,"Copropriété, Syndic, SCI",2025-11-06,False,False
608689,ORANGE,SUP,LTE 700,331 AV. DE LAON BD ALBERT 1ER 51100 REIMS,51454,"49.2742,4.0183",Immeuble,"41,2m","Copropriété, Syndic, SCI",2021-01-19,False,False
609538,ORANGE,AJO,"5G NR 700, 5G NR 3500", (TERRES DE LA CROIX ROUGE) 89150 SAVIGNY SUR CLAIRIS,89380,"48.0761,3.1058",Pylône autostable,"39,7m",TOTEM,,False,False
609538,ORANGE,SUP,LTE 700, (TERRES DE LA CROIX ROUGE) 89150 SAVIGNY SUR CLAIRIS,89380,"48.0761,3.1058",Pylône autostable,"39,7m",TOTEM,2023-10-17,False,False
610043,ORANGE,SUP,GSM 900,CHEM DES GUÉRETS (LES PLANTIERS) 07130 ST PERAY,07281,"44.9519,4.8517",Pylône tubulaire,30m,TOTEM,1999-12-20,False,False
611680,ORANGE,SUP,UMTS 900,2/4 R THOUVENEL  SQ DU STADE 74100 VILLE LA GRAND,74305,"46.2017,6.2458",Immeuble,"17,6m",Société HLM,2022-04-12,False,False
612435,ORANGE,AJO,5G NR 2100,"DOMAINE DE SAVETEUX, FERME LA BOISSIÈRE (LA CROUILLÈRE, CH RURAL 20) 77720 LA CHAPELLE GAUTHIER",77086,"48.5178,2.83",Pylône autostable,40m,TOTEM,,False,False
614101,ORANGE,SUP,"GSM 900, LTE 700",1 R DU MARCHE DE POPINCOURT 75011 PARIS 11,75111,"48.8644,2.3736",Immeuble,30m,Société HLM,2017-11-27,False,False
614314,ORANGE,SUP,UMTS 900,BD JEAN JAURÈS STADE MARCEL PICOT 54510 TOMBLAINE,54526,"48.6958,6.2108",Bâtiment,22m,"Commune, communauté de communes",2021-12-15,False,False
614434,ORANGE,SUP,"GSM 900, UMTS 900, LTE 800, LTE 2600",RTE DE LA GANOIRE (LE COTEAU) 37390 CHANCEAUX SUR CHOISILLE,37054,"47.4694,0.7169",Château d'eau - réservoir,40m,"Syndicat des eaux, Adduction",1997-07-18,False,False
620494,ORANGE,AJO,5G NR 2100, (LA SABOTTE) 43700 ST GERMAIN LAPRADE,43190,"45.0161,3.9678",Pylône autostable,25m,TOTEM,,False,False
620494,ORANGE,SUP,LTE 2100, (LA SABOTTE) 43700 ST GERMAIN LAPRADE,43190,"45.0161,3.9678",Pylône autostable,25m,TOTEM,,False,False
622692,ORANGE,SUP,GSM 900,165 AV ARISTIDE BRIAND 82000 MONTAUBAN,82121,"44.0169,1.3478",Bâtiment,"20,9m","Copropriété, Syndic, SCI",2022-11-17,False,False
632199,ORANGE,ALL,"5G NR 700, 5G NR 3500",LA CROIX DE ROMAINVILLE RTE DES ALLUETS (LES CHATAIGNIERS) 78920 ECQUEVILLY,78206,"48.9419,1.9186",Pylône autostable,"35,8m",TOTEM,2025-10-31,False,False
633570,ORANGE,SUP,"GSM 900, LTE 700",41 R NATIONALE LE PRINTEMPS 59800 LILLE,59350,"50.6361,3.0614",Immeuble,49m,Société Privée,2013-03-29,False,False
637487,ORANGE,ALL,5G NR 2100, (CARRIERE) 26230 VALAURIE,26360,"44.4183,4.7936",Pylône autostable,27m,TOTEM,2025-11-03,False,False
638372,ORANGE,SUP,GSM 900,10 R DU PETIT TRAIN 81100 CASTRES,81065,"43.5972,2.2303",Immeuble,35m,Société HLM,2001-09-07,False,False
647630,ORANGE,SUP,"GSM 900, LTE 700",15 R DE L'OUEST 75014 PARIS 14,75114,"48.8369,2.3219",Immeuble,29m,Société HLM,2000-02-10,False,False
653771,ORANGE,AJO,"5G NR 700, 5G NR 3500",PEAGE A5 (ST DONAIN) 77130 MAROLLES SUR SEINE,77279,"48.3794,3.0181",Pylône autostable,51m,Sociétés d'Autoroutes,,False,False
65557,ORANGE,SUP,"GSM 900, LTE 700",18 BIS RUE AGATHOISE 31500 TOULOUSE,31555,"43.6117,1.4508",Immeuble,"32,8m","Copropriété, Syndic, SCI",2017-01-31,False,False
656382,ORANGE,AJO,"5G NR 700, 5G NR 3500",CHEM DE SERBANNES (LE PIED BLANC) 03110 COGNAT LYONNE,03080,"46.1128,3.3386",Pylône autostable,35m,ATC FRANCE,,False,False
657282,ORANGE,AJO,5G NR 2100,CHÂTEAU D'EAU DE MIELAN (MAJESTÉ DESSUS) 32170 MIELAN,32252,"43.425,0.3061",Château d'eau - réservoir,28m,"Syndicat des eaux, Adduction",,False,False
662721,ORANGE,SUP,"GSM 900, LTE 700","80, R VITRUVE 75020 PARIS 20",75120,"48.8597,2.4081",Immeuble,34m,"Copropriété, Syndic, SCI",2003-06-13,False,False
662725,ORANGE,SUP,"GSM 900, LTE 700",4/12 BD MÉNILMONTANT 75020 PARIS 20,75120,"48.8589,2.3897",Immeuble,30m,"Copropriété, Syndic, SCI",2003-10-04,False,False
665083,ORANGE,SUP,"GSM 900, LTE 700",32 AV D'ASSAS 34090 MONTPELLIER,34172,"43.6144,3.8653",Immeuble,23m,"Copropriété, Syndic, SCI",2013-06-03,False,False
667236,ORANGE,ALL,5G NR 2100,D.123 (COTTANCE) 77940 THOURY FEROTTES,77465,"48.2889,2.9406",Pylône tubulaire,32m,TOTEM,2025-11-03,False,False
669775,ORANGE,SUP,"GSM 900, LTE 700",54 B R ALSACE LORRAINE 31500 TOULOUSE,31555,"43.6075,1.4458",Immeuble,28m,"Copropriété, Syndic, SCI",2013-07-12,False,False
669806,ORANGE,SUP,GSM 900,"75, R DE LA FAOURETTE 31500 TOULOUSE",31555,"43.5817,1.4172",Immeuble,"38,7m",Société HLM,2017-11-09,False,False
673406,ORANGE,AJO,LTE 2100,AÉRODROME DE CAYENNE ROCHAMBEAU AÉROPORT FELIX EBOUÉ 97351 MATOURY,97307,"4.8225,-52.3633",Bâtiment,18m,"CCI, Ch Métier, Port Aut, Aéroport",,False,False
679712,ORANGE,SUP,"GSM 900, UMTS 900, LTE 700","125, AV DE PALAVAS 34090 MONTPELLIER",34172,"43.5897,3.8928",Bâtiment,22m,"Copropriété, Syndic, SCI",2006-03-18,False,False
679902,ORANGE,SUP,"GSM 900, LTE 700",33 R DES DEUX PONTS RÉSIDENCE DE L'ORMEAU 34090 MONTPELLIER,34172,"43.6036,3.88",Immeuble,22m,"Copropriété, Syndic, SCI",2008-01-15,False,False
680058,ORANGE,SUP,"GSM 900, UMTS 900, LTE 700",22 R DE LA SAUZÉDE 34090 MONTPELLIER,34172,"43.6161,3.8708",Immeuble,20m,"Copropriété, Syndic, SCI",2018-10-29,False,False
681965,ORANGE,ALL,5G NR 2100,RTE DE MOUTHE EN SUISSE (LE NOIRMONT OU LES GITS) 25240 MOUTHE,25413,"46.6978,6.1897",Pylône autostable,"34,7m",TOTEM,2025-11-06,False,False
684406,ORANGE,SUP,"GSM 900, UMTS 900, LTE 700, LTE 800, LTE 1800, LTE 2100",RD 61  ENTRE SARTILLY ET LA MAISON BLANCHE 50530 SARTILLY BAIE BOCAGE,50565,"48.7497,-1.4606",Château d'eau - réservoir,49m,"Syndicat des eaux, Adduction",1997-01-11,False,False
687956,ORANGE,SUP,GSM 900,375 R MAYOR DE MONTRICHER BP 235 ZI LES MILLES 13540 AIX EN PROVENCE,13001,"43.4778,5.3836",Pylône autostable,20m,TOTEM,2004-10-16,False,False
689584,ORANGE,SUP,GSM 900,3/4 R DES CUIRASSIERS 69003 LYON 03,69383,"45.7575,4.8564",Immeuble,34m,"Copropriété, Syndic, SCI",1998-12-15,False,False
689820,ORANGE,SUP,"GSM 900, LTE 700",2 R DES PIROGUES DE BERCY 75012 PARIS 12,75112,"48.8317,2.3858",Immeuble,32m,"Copropriété, Syndic, SCI",2000-03-17,False,False
690752,ORANGE,SUP,"GSM 900, LTE 700",189 R DE BERCY 75012 PARIS 12,75112,"48.8431,2.3733",Immeuble,49m,RATP,2006-02-04,False,False
691522,ORANGE,SUP,"GSM 900, LTE 700",121-125 AV LEDRU ROLLIN 75011 PARIS 11,75111,"48.8542,2.3775",Immeuble,41m,"Copropriété, Syndic, SCI",2006-09-09,False,False
693280,ORANGE,SUP,GSM 900,CITÉ DU DEVEZOU CHEM DE LA SAFRANIÈRE 48000 MENDE,48095,"44.5236,3.4919",Bâtiment,19m,"Copropriété, Syndic, SCI",2010-09-18,False,False
697676,ORANGE,ALL,LTE 700,PRÈS VOIE FERRÉE (LES ROUSSELIÈRES) 16440 MOUTHIERS SUR BOEME,16236,"45.5297,0.1256",Pylône tubulaire,12m,TOTEM,2025-11-12,False,False
697922,ORANGE,SUP,"GSM 900, LTE 700",11 R RIQUET 75019 PARIS 19,75119,"48.8881,2.3756",Bâtiment,46m,"Copropriété, Syndic, SCI",2004-12-04,False,False
702719,ORANGE,SUP,UMTS 900,"10, R ST ANNE 67200 STRASBOURG",67482,"48.5639,7.7569",Immeuble,26m,"Copropriété, Syndic, SCI",2019-06-17,False,False
703345,ORANGE,SUP,GSM 900,CHASSEE MARCELIN BERTHELOT ZI 59200 TOURCOING,59599,"50.7297,3.1842",Pylône autostable,30m,TOTEM,2004-01-24,False,False
705643,ORANGE,SUP,"GSM 900, LTE 700",5 R LOUIS CODET 75007 PARIS 07,75107,"48.8547,2.3083",Bâtiment,38m,ORANGE Services Fixes,1999-09-03,False,False
707565,ORANGE,SUP,"GSM 900, LTE 700",120 R DU VALENTIN (LE VALENTIN) 26500 BOURG LES VALENCE,26058,"44.9564,4.9008",Immeuble,19m,Société HLM,2005-01-22,False,False
711677,ORANGE,ALL,"UMTS 900, LTE 700, LTE 800, LTE 1800, 5G NR 2100",R DU THIOLET VC 4 (MARCHAVENNE) 02110 GROUGIS,02358,"49.955,3.5486",Tour hertzienne,65m,TDF,2025-11-03,False,True
717089,ORANGE,ALL,"5G NR 700, 5G NR 3500",AV. JEAN MOULIN 41240 BEAUCE LA ROMAINE,41173,"47.9108,1.525",Pylône autostable,33m,TOTEM,2025-11-05,False,False
719835,ORANGE,SUP,UMTS 900,2 R JULES BOURNET (ZAC DES PASQUIS) 03100 MONTLUCON,03185,"46.3664,2.5889",Pylône autostable,21m,ORANGE,2016-03-15,False,False
722592,ORANGE,AJO,"LTE 700, 5G NR 2100",PRÈS D.40 STADE MUNICIPAL (LE CHÊNE À LA DEMOISELLE) 86190 BERUGES,86024,"46.5686,0.1961",Pylône tubulaire,25m,TOTEM,,False,False
723345,ORANGE,ALL,5G NR 2100,D 89 CHATEAU D'EAU (LE BEL AIR) 27680 TROUVILLE LA HAULE,27665,"49.3989,0.5939",Château d'eau - réservoir,"56,2m","Syndicat des eaux, Adduction",2025-11-04,False,False
724486,ORANGE,AJO,"UMTS 900, LTE 700, LTE 800, 5G NR 2100",LAMBERTIE (LAMBERTIE) 24380 VERGT,24571,"45.0156,0.7011",Pylône autostable,46m,TDF,,False,True
725981,ORANGE,SUP,"GSM 900, LTE 700",CHÂTEAU DE MOUSSON (LA CHAPELLE DE LUMIERE) 54700 MOUSSON,54390,"48.905,6.0772",Monument religieux,16m,"Commune, communauté de communes",1996-05-02,False,False
727434,ORANGE,SUP,GSM 900,CHEM DE LA CÔTE VIEILLE PYLÔNE TDF (SUM DE LA COSTE) 65190 BORDES,65101,"43.2014,0.2056",Pylône autostable,39m,TDF,2005-02-19,False,False
728651,ORANGE,SUP,GSM 900,75 CHEM DES PEUPLIERS 30900 NIMES,30189,"43.8703,4.4064",Mât,"10,9m",TOTEM,2003-09-20,False,False
732760,ORANGE,SUP,"GSM 900, LTE 700","1, AV CHARLES LINDBERGH 33700 MERIGNAC",33281,"44.8356,-0.6925",Immeuble,24m,Société Privée,1999-03-19,False,False
741557,ORANGE,SUP,"GSM 900, LTE 700",24 QUAI DU GÉNÉRAL LECLERC (PINCOURT) 42120 LE COTEAU,42071,"46.0336,4.0875",Pylône autostable,45m,RTE,2020-01-27,False,False
754596,ORANGE,SUP,GSM 900,2 R PIERRE BROSSOLETTE RÉSIDENCE TURGOT 03100 MONTLUCON,03185,"46.3411,2.5922",Immeuble,32m,"Copropriété, Syndic, SCI",1999-09-29,False,False
754598,ORANGE,SUP,GSM 900,PL CHARLES DE GAULLE LA POSTE 03200 VICHY,03310,"46.1253,3.4258",Immeuble,18m,"Copropriété, Syndic, SCI",2000-10-03,False,False
754616,ORANGE,SUP,GSM 900,R DES CHEMOTS TERRAIN DE PÉTANQUE 03400 YZEURE,03321,"46.55,3.3497",Pylône autostable,20m,"Commune, communauté de communes",2006-09-09,False,False
755589,ORANGE,SUP,GSM 900, (MENCHINAN) 40120 POUYDESSEAUX,40234,"44.0008,-0.3394",Pylône autostable,40m,TOTEM,2015-11-24,False,False
755731,ORANGE,SUP,"GSM 900, LTE 700","79, AV. DE LA CÔTE D'AZUR (RÉSIDENCE LE RAMENGO) 06190 ROQUEBRUNE CAP MARTIN",06104,"43.7636,7.4553",Immeuble,29m,"Copropriété, Syndic, SCI",2000-12-28,False,False
757190,ORANGE,AJO,"LTE 1800, 5G NR 2100",CHEM RURAL (LA CROIX) 87400 MOISSANNES,87099,"45.8789,1.5572",Pylône autostable,"31,4m",TOTEM,,False,False
757383,ORANGE,SUP,"GSM 900, LTE 700",37 AV JEAN JAURÈS 07700 BOURG ST ANDEOL,07042,"44.3703,4.6433",Silo,20m,Société Privée,2007-08-27,False,False
758780,ORANGE,SUP,GSM 900,15 R DE SUFFREN HÔTEL LE REGENT 11100 NARBONNE,11262,"43.1842,3.0103",Bâtiment,16m,"Copropriété, Syndic, SCI",2022-12-07,False,False
761450,ORANGE,SUP,GSM 900,32 R EDMOND ROSTAND 13006 MARSEILLE 06,13206,"43.2878,5.3803",Immeuble,24m,Société Privée,2000-10-23,False,False
763554,ORANGE,SUP,GSM 900,ZI LES SARDÉNAS SOCIÉTÉ MEPEG (LES SUILLES SUD) 13680 LANCON PROVENCE,13051,"43.5892,5.1103",Pylône tubulaire,13m,TOTEM,2018-12-26,False,False
764676,ORANGE,SUP,GSM 900, (CIPIÈRES) 15130 ARPAJON SUR CERE,15012,"44.8975,2.4886",Pylône autostable,25m,TOTEM,2006-07-01,False,False
766751,ORANGE,ALL,LTE 700,LE PILARD (PUY CHARRIN) 19390 CHAUMEIL,19051,"45.4564,1.9086",Pylône autostable,37m,TDF,2025-11-12,False,False
770986,ORANGE,AJO,5G NR 2100,VOIE COM N°207 (ROC DES VIGNES) 24640 CUBJAC AUVEZERE VAL D ANS,24147,"45.225,0.9411",Pylône autostable,46m,TDF,,False,False
770986,ORANGE,ALL,LTE 1800,VOIE COM N°207 (ROC DES VIGNES) 24640 CUBJAC AUVEZERE VAL D ANS,24147,"45.225,0.9411",Pylône autostable,46m,TDF,2025-11-10,False,False
771018,ORANGE,AJO,5G NR 2100, (LA RAMADE) 24250 DAGLAN,24150,"44.7442,1.2028",Pylône autostable,25m,TDF,,False,False
775722,ORANGE,SUP,GSM 900,400 RTE DU PORT ZI DE L'ARDOISE STÉ ROUMÉAS (L'ARDOISE) 30290 LAUDUN L ARDOISE,30141,"44.1022,4.7031",Pylône autostable,25m,TOTEM,2007-01-11,False,False
775780,ORANGE,SUP,GSM 900,2 R ANDRÉ NIERS 30900 NIMES,30189,"43.8533,4.3769",Bâtiment,"18,2m",Société HLM,2006-01-06,False,False
776402,ORANGE,SUP,GSM 900,365 RTE DE SEYSSES (LA POINTE) 31500 TOULOUSE,31555,"43.5769,1.4217",Immeuble,22m,"Copropriété, Syndic, SCI",2013-07-12,False,False
777734,ORANGE,SUP,"GSM 900, LTE 700",R LAFAYETTE ADM : 6 R KENNEDY HÔTEL DES POSTES 31500 TOULOUSE,31555,"43.605,1.4447",Bâtiment,30m,ORANGE Services Fixes,2005-01-01,False,False
777768,ORANGE,SUP,"GSM 900, UMTS 900, LTE 700",ALLÈE DES ACACIAS AV DE LA COLONNE 31500 TOULOUSE,31555,"43.6103,1.4642",Immeuble,17m,"Copropriété, Syndic, SCI",2019-12-16,False,False
777777,ORANGE,SUP,"GSM 900, LTE 700","29, R DES LOIS 31500 TOULOUSE",31555,"43.6067,1.4403",Immeuble,21m,Société Privée,2018-03-05,False,False
777789,ORANGE,SUP,"GSM 900, LTE 700",7 R PALAPRAT CHEQUE POSTAUX 31500 TOULOUSE,31555,"43.6053,1.4514",Immeuble,28m,La Poste,1998-06-12,False,False
777792,ORANGE,SUP,GSM 900,CHEM DE PIAILLES GYMNASE 31650 ST ORENS DE GAMEVILLE,31506,"43.5344,1.5525",Pylône tubulaire,22m,TOTEM,1998-06-12,False,False
777800,ORANGE,SUP,GSM 900,"30, R MURIER D'ESPAGNE 30900 NIMES",30189,"43.8394,4.3578",Immeuble,22m,"Copropriété, Syndic, SCI",2018-05-24,False,False
778525,ORANGE,SUP,"GSM 900, UMTS 900, LTE 700",244 RTE DE SEYSSES 31500 TOULOUSE,31555,"43.5675,1.4158",Pylône autostable,25m,TOTEM,2007-05-11,False,False
779989,ORANGE,SUP,"GSM 900, UMTS 900, LTE 700",R FRANCIS DE PRESSENCE 33400 TALENCE,33522,"44.82,-0.5864",Immeuble,21m,Société HLM,2004-10-30,False,False
781506,ORANGE,SUP,GSM 900,4 CHEM DE MAGRET (LE PORT DE NAULIN) 33700 MERIGNAC,33281,"44.8372,-0.6819",Pylône tubulaire,25m,TOTEM,2007-02-27,False,False
782155,ORANGE,SUP,GSM 900,R DIMITRI AMILAKVARI 34500 BEZIERS,34032,"43.3422,3.2575",Pylône tubulaire,12m,TOTEM,2006-10-21,False,False
782161,ORANGE,ALL,"LTE 700, LTE 1800", (PUECH DE LA GARDIE) 34700 LODEVE,34142,"43.7128,3.3186",Pylône autostable,27m,TDF,2025-11-05,False,False
785169,ORANGE,SUP,GSM 900,R DU 19 MARS 1962 (CIMETIÈRE L'ARGENTIER) 38360 NOYAREY,38281,"45.2453,5.6269",Pylône autostable,15m,TOTEM,2004-10-23,False,False
785275,ORANGE,SUP,GSM 900,65 R DE CRISSEY USINE IDÉAL STANDARD 39100 DOLE,39198,"47.0786,5.4928",Bâtiment,42m,Société Privée,2001-11-15,False,False
785732,ORANGE,SUP,GSM 900,8 R REYBERT 39200 ST CLAUDE,39478,"46.39,5.8628",Immeuble,23m,ORANGE Services Fixes,2006-12-19,False,False
786225,ORANGE,SUP,GSM 900,6 R DE BOULOGNE 41000 BLOIS,41018,"47.585,1.3411",Bâtiment,"14,5m",Particulier,2025-05-26,False,False
786952,ORANGE,SUP,"GSM 900, LTE 700",R DU 19 MARS 1962 RÉSIDENCE PACCARD BÂTIMENT N°3 (LA CROIX RAPEAU) 42340 VEAUCHE,42323,"45.5628,4.2858",Immeuble,16m,Société HLM,2007-11-16,False,False
790473,ORANGE,AJO,"5G NR 700, 5G NR 3500",CHEM RURAL N° 7 - PYLÔNE F.T (LA MOTTE) 45300 SERMAISES,45310,"48.2931,2.2142",Pylône autostable,37m,TOTEM,,False,False
790473,ORANGE,SUP,LTE 700,CHEM RURAL N° 7 - PYLÔNE F.T (LA MOTTE) 45300 SERMAISES,45310,"48.2931,2.2142",Pylône autostable,37m,TOTEM,2021-10-27,False,False
791361,ORANGE,SUP,GSM 900,R DU COLONEL HENRI COLLIGNON 46000 CAHORS,46042,"44.4628,1.4533",Immeuble,22m,Société HLM,2004-11-06,False,False
793414,ORANGE,ALL,5G NR 700,VOIE DE CORBEIL (LA BUTTE ROUGE) 91160 LONGJUMEAU,91345,"48.6903,2.3236",Pylône autostable,35m,DDE,2025-01-14,False,False
793500,ORANGE,AJO,LTE 2600,CHEM D'EXPLOITATION PRÈS A4 (LE CHÂTEAU) 51500 TAISSY,51562,"49.2125,4.0789",Pylône autostable,34m,Sociétés d'Autoroutes,,False,False
793500,ORANGE,SUP,LTE 700,CHEM D'EXPLOITATION PRÈS A4 (LE CHÂTEAU) 51500 TAISSY,51562,"49.2125,4.0789",Pylône autostable,34m,Sociétés d'Autoroutes,2023-09-05,False,False
798597,ORANGE,SUP,"GSM 900, LTE 700",4 R DE SEVRES 75006 PARIS 06,75106,"48.8522,2.3294",Immeuble,"32,8m","Copropriété, Syndic, SCI",1998-12-02,False,False
802540,ORANGE,SUP,UMTS 900,MAIL DU MONT BLANC 51120 SEZANNE,51535,"48.7231,3.7211",Immeuble,16m,ORANGE Services Fixes,2016-10-06,False,False
804223,ORANGE,SUP,GSM 900,R JACQUES CALLOT 57600 FORBACH,57227,"49.1803,6.8708",Pylône autostable,30m,TOTEM,2013-08-09,False,False
804301,ORANGE,SUP,"GSM 900, LTE 700",R DE L'AÉRODROME AÉRODROME DE ST AVOLD (RUNNEHACKER) 57730 MACHEREN,57428,"49.1019,6.7358",Pylône tubulaire,30m,HIVORY,2012-11-15,False,False
804319,ORANGE,SUP,"GSM 900, LTE 700",R CLÉMENCEAU  EGLISE ST JEAN BAPTISTE 57440 ALGRANGE,57012,"49.3564,6.0472",Monument religieux,32m,"Commune, communauté de communes",2001-08-21,False,False
805604,ORANGE,SUP,GSM 900,R LOUIS BLANQUI ZI 59760 GRANDE SYNTHE,59271,"50.9958,2.3111",Pylône tubulaire,33m,TOTEM,2001-03-23,False,False
806944,ORANGE,SUP,"GSM 900, LTE 700",BAT LE PELVOUX PL DES ECRINS 62223 ST NICOLAS,62764,"50.3061,2.7931",Immeuble,57m,Société HLM,2000-10-20,False,False
807766,ORANGE,SUP,GSM 900,R ERNEST D'HAUTERIVE (LA SAFOURNIÈRE) 63500 ISSOIRE,63178,"45.5386,3.2453",Immeuble,17m,Société HLM,2006-05-13,False,False
807880,ORANGE,ALL,5G NR 700,88 AV JEAN MERMOZ 64000 PAU,64445,"43.3128,-0.3772",Immeuble,33m,"Copropriété, Syndic, SCI",2025-11-10,False,False
807880,ORANGE,SUP,"GSM 900, LTE 700",88 AV JEAN MERMOZ 64000 PAU,64445,"43.3128,-0.3772",Immeuble,33m,"Copropriété, Syndic, SCI",2013-07-05,False,False
809337,ORANGE,SUP,GSM 900,2 R. ANATOLE FRANCE 65320 BORDERES SUR L ECHEZ,65100,"43.2578,0.0464",Bâtiment,19m,Société Privée,2006-06-13,False,False
812459,ORANGE,SUP,GSM 900,CHEM RURAL N°2 (LES PRÉBENDES) 69590 COISE,69062,"45.6197,4.4606",Pylône autostable,23m,HIVORY,2008-02-01,False,False
812915,ORANGE,ALL,"LTE 800, 5G NR 700, 5G NR 3500",IMM LE REBERTY 1850 (REBERTY) 73600 LES BELLEVILLE,73257,"45.3153,6.5444",Immeuble,27m,"Copropriété, Syndic, SCI",2025-11-04,False,False
813080,ORANGE,SUP,GSM 900,R D'ANGLETERRE PRÈS DU 113 R MOLIÈRE BÂTIMENT FRANCE TÉLECOM 73000 CHAMBERY,73065,"45.5711,5.915",Immeuble,22m,ORANGE Services Fixes,2007-11-26,False,False
813624,ORANGE,SUP,"GSM 900, LTE 700",3 R DE BUET 3 R DES VERGYS RÉSIDENCE  ICF SUD MEDITERRANEE 74100 VILLE LA GRAND,74305,"46.1989,6.2453",Bâtiment,20m,"Copropriété, Syndic, SCI",2007-03-13,False,False
813660,ORANGE,SUP,"GSM 900, LTE 700",29 R DES SABLONS CENTRAL PASSY 75116 PARIS 16,75116,"48.8644,2.2831",Bâtiment,33m,ORANGE Services Fixes,1995-12-01,False,False
813680,ORANGE,AJO,5G NR 2100,CENTRAL TÉLÉPHONIQUE (LE MORZAY) 74660 VALLORCINE,74290,"46.0272,6.9256",Local technique,"9,7m",ORANGE Services Fixes,,False,False
813680,ORANGE,SUP,"LTE 2100, 5G NR 700, 5G NR 3500",CENTRAL TÉLÉPHONIQUE (LE MORZAY) 74660 VALLORCINE,74290,"46.0272,6.9256",Local technique,"9,7m",ORANGE Services Fixes,2020-02-27,False,False
814295,ORANGE,SUP,"GSM 900, LTE 700",54 QUAI DE LA RAPÉE 75012 PARIS 12,75112,"48.8425,2.3722",Immeuble,48m,"Copropriété, Syndic, SCI",2004-09-18,False,False
814964,ORANGE,SUP,GSM 900,22 R LÉON JOUHAUX 75010 PARIS 10,75110,"48.8694,2.3658",Immeuble,26m,Société Privée,2017-11-27,False,False
815099,ORANGE,SUP,"GSM 900, LTE 700",5/7 R DE TOURNON 75006 PARIS 06,75106,"48.8511,2.3375",Immeuble,27m,"Copropriété, Syndic, SCI",2005-05-28,False,False
818070,ORANGE,SUP,GSM 900,149 AV DE LA MÉDITERRANÉE 83150 BANDOL,83009,"43.1517,5.7439",Bâtiment,10m,Particulier,2005-12-24,False,False
818683,ORANGE,SUP,GSM 900,27 AV DE LA VÉNUS D'ARLES 84140 AVIGNON,84007,"43.93,4.8192",Immeuble,31m,Société HLM,2005-10-28,False,False
819971,ORANGE,SUP,"GSM 900, LTE 700",2 R DU CHAR D'ARGENT 88000 EPINAL,88160,"48.1503,6.4553",Bâtiment,"37,5m",Société Privée,2001-08-24,False,False
820053,ORANGE,SUP,GSM 900,24 R DES HORTICULTEURS 87280 LIMOGES,87085,"45.8292,1.24",Bâtiment,"19,5m","Copropriété, Syndic, SCI",2018-02-28,False,False
822110,ORANGE,SUP,"GSM 900, LTE 700",28 R BUIRETTE PARC AUTO BUIRETTE 51100 REIMS,51454,"49.255,4.0258",Bâtiment,26m,Société Privée,2018-10-18,False,False
826050,ORANGE,ALL,LTE 2100,AV COROT 87200 ST JUNIEN,87154,"45.8969,0.9008",Bâtiment,31m,"Commune, communauté de communes",2025-11-04,False,False
838452,ORANGE,SUP,"GSM 900, UMTS 900, LTE 700",62 R DE PÉRIOLE 31500 TOULOUSE,31555,"43.6158,1.4569",Immeuble,"22,8m","Copropriété, Syndic, SCI",2017-11-09,False,False
842245,ORANGE,ALL,LTE 700,VC N°5 DIT  CHEM RÉALET (LES ARGILES) 66170 MILLAS,66108,"42.6831,2.6925",Pylône tubulaire,16m,TOTEM,2025-11-12,False,False
879581,ORANGE,SUP,GSM 900,CENTRE AUTO E. LECLERC (LA XANSOS) 81600 BRENS,81038,"43.8769,1.9094",Pylône tubulaire,26m,TOTEM,2012-07-25,False,False
910794,ORANGE,AJO,5G NR 2100,MAS DE GUINET 12120 CASSAGNES BEGONHES,12057,"44.1725,2.5386",Pylône autostable,20m,TDF,,False,False
931774,ORANGE,SUP,UMTS 900,78 BD  DU 26ÈME RI 54100 NANCY,54395,"48.7003,6.1869",Bâtiment,16m,"Copropriété, Syndic, SCI",2022-03-30,False,False
939861,ORANGE,SUP,UMTS 900,R DE LA RÉSISTANCE CONSEIL GÉNÉRAL 55000 BAR LE DUC,55029,"48.7653,5.1581",Mât,8m,ORANGE,2021-07-15,False,False
946257,ORANGE,SUP,GSM 900,"6-8, R ST MARTIN 47000 AGEN",47001,"44.2017,0.6256",Immeuble,"18,2m","Copropriété, Syndic, SCI",2018-05-07,False,False
966999,ORANGE,SUP,UMTS 900,RUE DE SAINT LOUIS ZI LOURDE (SCHENKELHECK) 57150 CREUTZWALD,57160,"49.1903,6.6972",Pylône autostable,24m,TOTEM,2018-10-30,False,False
987386,ORANGE,SUP,GSM 900,RUE DU VIEUX PUITS (LES ROMAINS) 24750 CHAMPCEVINEL,24098,"45.2025,0.7417",Pylône autostable,28m,TOTEM,2013-01-14,False,False
99860,ORANGE,SUP,"GSM 900, LTE 700",R DE IÉNA AUCHAN STOCKAGE 59810 LESQUIN,59343,"50.585,3.1206",Pylône tubulaire,32m,TOTEM,1997-09-19,False,False
