id_support,operateur,technologie,adresse,code_insee,coordonnees,type_support,hauteur_support,proprietaire_support,date_activ,action,is_zb,is_new
1237673,SFR,5G NR 3500,8 BD DE LA PAIX 56000 VANNES,56260,"47.6594,-2.7619",Bâtiment,"29,6m","Copropriété, Syndic, SCI",2025-12-26,ALL,False,False
1330773,SFR,LTE 2600,"12, ALLÉE DE LA VERTE VALLÉE 14000 CAEN",14118,"49.1939,-0.375",Immeuble,23m,"Copropriété, Syndic, SCI",2025-12-24,ALL,False,False
1409790,SFR,5G NR 3500,CAMPING DE LA CÔTE DES ROSES (PETITE ROUQUETTE) 11100 NARBONNE,11262,"43.1436,3.1436",Pylône autostable,30m,HIVORY,2025-12-26,ALL,False,False
1427475,SFR,"LTE 700, LTE 1800, LTE 2100, 5G NR 2100",CHEM RURAL DU BOBINET (LES TERRES DE LA TOUZOTTIÈRE) 79200 LA PEYRATTE,79208,"46.6494,-0.1108",Pylône autostable,49m,TDF,2025-12-24,ALL,False,False
1433457,SFR,5G NR 2100,"AU NORD DU HAMEAU HAUTE ABBAYE, L'HOTEL GLORET (L'HÔTEL GLORET) 44460 FEGREAC",44057,"47.6,-2.0397",Pylône autostable,43m,TDF,2025-12-24,ALL,False,False
1443552,SFR,UMTS 2100,CHEM DE VERNUSSON 49130 LES PONTS DE CE,49246,"47.4353,-0.5433",Pylône autostable,"30,2m",HIVORY,2011-11-17,SUP,False,False
1448045,SFR,"LTE 700, LTE 2600", (BOIS DU TUREAU) 89470 MONETEAU,89263,"47.8522,3.5953",Pylône autostable,30m,HIVORY,,AJO,False,False
1448602,SFR,5G NR 2100,CHEMIN DU LOUP (BRINCHEVENT) 79170 VILLIERS SUR CHIZE,79352,"46.0781,-0.3047",Pylône autostable,34m,TDF,2025-12-24,ALL,False,False
1452097,SFR,LTE 700,RD 157 (LA MAISON NEUVE) 53640 LE HORPS,53116,"48.3931,-0.4831",Pylône autostable,"53,6m",TDF,,AJO,False,False
1456485,SFR,"LTE 700, LTE 2100, LTE 2600, 5G NR 2100",QUARTIER LE SUVE 83590 GONFARON,83067,"43.3217,6.3036",Pylône autostable,25m,HIVORY,2025-12-24,ALL,False,False
1461398,SFR,"LTE 700, LTE 1800, LTE 2100, 5G NR 2100",D 87 (LA MIVAIS) 76710 BOSC GUERARD ST ADRIEN,76123,"49.5389,1.1469",Pylône tubulaire,"30,5m",HIVORY,,AJO,False,False
1461398,SFR,UMTS 2100,D 87 (LA MIVAIS) 76710 BOSC GUERARD ST ADRIEN,76123,"49.5389,1.1469",Pylône tubulaire,"30,5m",HIVORY,2011-11-07,SUP,False,False
1484581,SFR,"LTE 700, LTE 2600, 5G NR 3500",CD 979 ROND POINT DU GRILL (LES COURTERELLES) 30220 ST LAURENT D AIGOUZE,30276,"43.6264,4.1911",Pylône tubulaire,"26,5m",ATC FRANCE,2025-12-26,ALL,False,False
1490084,SFR,"LTE 700, LTE 800, LTE 1800, LTE 2100, LTE 2600, 5G NR 2100, 5G NR 3500",CR N° 5 RTE DE PEN AR PONT (LE CARPONT) 29810 PLOUARZEL,29177,"48.4542,-4.7542",Pylône autostable,"30,5m",TOTEM,2025-12-24,ALL,False,True
1505528,SFR,LTE 800,CHE DES SOREY (BAS SOREY) 57130 JOUY AUX ARCHES,57350,"49.0558,6.0836",Pylône autostable,30m,HIVORY,2017-04-24,ALL,False,False
1519086,SFR,LTE 700,LE PUY CHAMBON 87240 ST LAURENT LES EGLISES,87157,"45.9556,1.5056",Pylône autostable,"46,5m",ATC FRANCE,2025-12-24,ALL,False,False
1549110,SFR,"LTE 700, LTE 2600",RUE DE FREMISSON TERRAIN DE FOOTBALL 35270 BONNEMAIN,35029,"48.4628,-1.7642",Pylône tubulaire,26m,ATC FRANCE,,AJO,False,False
1559589,SFR,"LTE 700, LTE 1800",RTE DE ST PONS DE MAUCHIENS (RACADIES) 34230 ST PARGOIRE,34281,"43.5236,3.5172",Pylône autostable,23m,ATC FRANCE,2025-12-24,ALL,False,False
1562053,SFR,5G NR 2100,PRÉ DU FRAGE ETANG DU VEUILLIN (LA MAISON ROUGE) 18150 APREMONT SUR ALLIER,18007,"46.9269,3.0444",Pylône autostable,35m,HIVORY,2025-12-24,ALL,False,False
1564234,SFR,"LTE 1800, LTE 2100, 5G NR 2100", (LE DRÉAU) 29170 ST EVARZEC,29247,"47.9842,-4.0003",Pylône autostable,32m,HIVORY,2025-12-24,ALL,False,False
1568736,SFR,5G NR 3500,PL PIERRE SÉMARD GARE SNCF 30100 ALES,30007,"44.1278,4.0897",Pylône autostable,37m,SFR,2025-12-26,ALL,False,False
1585998,SFR,5G NR 3500,AV DE LA RÉPUBLIQUE LES JARDINS D'ISIS 30380 ST CHRISTOL LEZ ALES,30243,"44.0858,4.0761",Immeuble,"12,4m",Société HLM,2025-12-27,ALL,False,False
1591700,SFR,5G NR 3500,TRAVERSE DU MOULINET 30500 ST AMBROIX,30227,"44.245,4.1914",Pylône autostable,22m,HIVORY,2025-12-26,ALL,False,False
1610950,SFR,5G NR 3500,44 AV DE LA JETÉE 87 AV DU CANAL DE GRAZEL RÉSIDENCE LES FLAMANTS ROSES 11430 GRUISSAN,11170,"43.0961,3.1094",Bâtiment,"18,4m","Copropriété, Syndic, SCI",2025-12-26,ALL,False,False
1612664,SFR,"LTE 700, LTE 1800, LTE 2100, 5G NR 2100", (LA HAUTE FONTANELLE) 35420 MELLE,35174,"48.5003,-1.1881",Pylône autostable,"32,5m",HIVORY,2025-12-24,ALL,False,False
1637425,SFR,5G NR 3500,22 RUE DU GRAND CLÉMENT 18100 VIERZON,18279,"47.2297,2.0756",Pylône arbre,"28,4m",BOUYGUES,2025-12-26,ALL,False,False
1640081,SFR,"LTE 700, LTE 1800",COME CHIQUON RD 115 (SUR LA PRAIRIE) 89310 ETIVEY,89161,"47.6636,4.1403",Pylône autostable,"30,3m",HIVORY,2025-12-24,ALL,False,False
1665776,SFR,"LTE 2100, 5G NR 2100", (JOURCY) 42470 ST SYMPHORIEN DE LAY,42289,"45.9406,4.2275",Pylône autostable,"27,7m",TDF,2025-12-24,ALL,False,False
1682075,SFR,LTE 700, (MOURÉGELAT) 06420 ISOLA,06073,"44.1822,7.0519",Mât,6m,HIVORY,,AJO,False,False
1684698,SFR,"LTE 700, LTE 1800, LTE 2100",PISTE DE LA CHAPELLE ST-ROCH (ST ROCH) 06420 ST SAUVEUR SUR TINEE,06129,"44.0792,7.1083",Pylône autostable,19m,HIVORY,2025-12-24,ALL,False,False
1687069,SFR,LTE 700,ZONE ARTISANALE DE KERFLEURY KERGROUP 29300 REDENE,29234,"47.8433,-3.5067",Pylône autostable,49m,HIVORY,,AJO,False,False
1692738,SFR,5G NR 3500,88 R VAUVERT 18000 BOURGES,18033,"47.0831,2.3786",Bâtiment,"24,9m","Copropriété, Syndic, SCI",2025-12-26,ALL,False,False
1694138,SFR,5G NR 3500,LES MONETS 05000 GAP,05061,"44.5956,6.0622",Pylône autostable,16m,HIVORY,2025-12-26,ALL,False,False
1696311,SFR,"LTE 700, LTE 2100", (BERGERAY) 53170 ST DENIS DU MAINE,53212,"47.9986,-0.5275",Pylône autostable,"30,4m",TDF,2025-12-24,ALL,False,False
1697380,SFR,"LTE 700, LTE 2600",RTE DES CHAMPS DE CRAIN 89480 CRAIN,89129,"47.5389,3.56",Pylône autostable,"27,2m",HIVORY,2025-12-24,ALL,False,False
1701368,SFR,5G NR 2100, (CLOS DE LA RUE TEMPORALE) 56190 NOYAL MUZILLAC,56149,"47.5875,-2.4592",Pylône autostable,"33,6m",ATC FRANCE,2025-12-24,ALL,False,False
1701473,SFR,"LTE 2100, 5G NR 2100",CHEM VERS MANTEGA (CAMPS D'ARGENT) 06450 LA BOLLENE VESUBIE,06020,"43.9847,7.3964",Pylône autostable,23m,ATC FRANCE,2025-12-24,ALL,False,False
1702614,SFR,"LTE 700, LTE 2600",CH. COM.  N° 111 - EN DOUAREU HUEL (ROCH'PLAT) 56440 LANGUIDIC,56101,"47.8356,-3.1933",Pylône autostable,49m,HIVORY,2025-12-24,ALL,False,False
1712523,SFR,5G NR 3500,1 SQ BARBEY D'AUBERVILLY 14100 LISIEUX,14366,"49.1431,0.2394",Immeuble,"61,2m","Copropriété, Syndic, SCI",2025-12-26,ALL,False,False
1712613,SFR,LTE 700, (LE GRAND PRE) 86350 ST SECONDIN,86248,"46.3256,0.4878",Pylône autostable,"31,5m",CELLNEX,2025-12-24,ALL,False,False
1714483,SFR,"LTE 700, LTE 1800, LTE 2100, 5G NR 2100",VC N°6 DE CRUSY À ARGELIERS STADE DES VIMAIRES (LES VIMAIRES) 34310 CRUZY,34092,"43.3481,2.9411",Pylône tubulaire,18m,HIVORY,2025-12-24,ALL,False,False
1715151,SFR,"LTE 700, 5G NR 3500",R DE L'EGALITÉ (LE FORT) 34490 THEZAN LES BEZIERS,34310,"43.4231,3.1764",Pylône tubulaire,"21,6m",HIVORY,2025-12-26,ALL,False,False
1718710,SFR,5G NR 3500,RUE DE PORT HALIGUEN STADE DES PILOTINS (ROC H PRIOL) 56170 QUIBERON,56186,"47.4825,-3.1131",Pylône tubulaire,26m,HIVORY,2025-12-26,ALL,False,False
1720694,SFR,"LTE 700, LTE 2100, 5G NR 2100",BOULEVARD PLEIN OUEST 56170 QUIBERON,56186,"47.4911,-3.1236",Pylône autostable,"32,5m",HIVORY,2025-12-24,ALL,False,False
1725636,SFR,5G NR 3500,LA TUILERIE 60590 TRIE CHATEAU,60644,"49.2886,1.8264",Pylône autostable,"32,2m",HIVORY,2025-12-26,ALL,False,False
1725711,SFR,5G NR 3500,VC N°4 DITE DE LA TREMBLAIS (LA BARRIÈRE) 35133 JAVENE,35137,"48.3119,-1.2169",Pylône autostable,27m,HIVORY,2025-12-24,ALL,False,False
1727842,SFR,LTE 1800,ROUTE DE OUANNE D 85 (MERRY LE HAUT) 89560 MERRY SEC,89252,"47.6606,3.4886",Silo,"53,4m","Coopérative Agricole, Vinicole",2025-12-24,ALL,False,False
1738041,SFR,"LTE 700, LTE 1800, LTE 2100, 5G NR 2100",NATIONALE N° 81 (FONTAINE ALÈNE) 58170 MILLAY,58168,"46.8375,4.0461",Pylône autostable,41m,HIVORY,2025-12-24,ALL,False,False
1754115,SFR,5G NR 3500,RÉSERVOIR (LES DÉSIRS) 01540 ST JULIEN SUR VEYLE,01368,"46.2042,4.9672",Château d'eau - réservoir,"41,5m","Syndicat des eaux, Adduction",2025-12-26,ALL,False,False
1758395,SFR,5G NR 3500,BOIS DE LA MILTAIS 44130 BLAIN,44015,"47.4867,-1.7414",Pylône autostable,27m,HIVORY,2025-12-24,ALL,False,False
1759715,SFR,5G NR 3500,AV PIERRE LE TREUT (LE ZÉPHYR) 35410 CHATEAUGIRON,35069,"48.0383,-1.5003",Pylône tubulaire,35m,HIVORY,2025-12-24,ALL,False,False
1762542,SFR,"LTE 700, LTE 1800, LTE 2100",R DES FORCINS STADE MUN LA GAUPIÈRE (LA GAUPIÈRE) 44450 DIVATTE SUR LOIRE,44029,"47.2744,-1.2842",Pylône autostable,33m,HIVORY,2025-12-24,ALL,False,False
1767835,SFR,LTE 700,RD 4 (LA MORILLONNIÈRE) 37380 ST LAURENT EN GATINES,37224,"47.5972,0.7775",Pylône autostable,25m,ATC FRANCE,2025-12-24,ALL,False,False
1769154,SFR,"UMTS 900, LTE 800, LTE 1800, LTE 2600",ZA DE LA VENTE D'OLIVIER 76800 ST ETIENNE DU ROUVRAY,76575,"49.3725,1.0942",Pylône tubulaire,12m,HIVORY,,SUP,False,False
1770933,SFR,"LTE 2100, 5G NR 2100", (LA BREASSIERE) 42480 LA FOUILLOUSE,42097,"45.4911,4.3044",Pylône autostable,12m,HIVORY,2025-12-24,ALL,False,False
1770980,SFR,"LTE 700, LTE 2100, 5G NR 2100", (LES VIGNES DE DENLOT) 86370 VIVONNE,86293,"46.435,0.2792",Pylône autostable,35m,TDF,,AJO,False,False
1772330,SFR,LTE 700,ZAC DU PARC 49280 ST CHRISTOPHE DU BOIS,49269,"47.0278,-0.9389",Pylône autostable,"31,5m",HIVORY,,AJO,False,False
1773163,SFR,5G NR 2100, (LES MADRAIS GILLARS) 22150 PLEMY,22184,"48.3375,-2.6561",Pylône autostable,30m,HIVORY,2025-12-24,ALL,False,False
1775016,SFR,"LTE 2100, 5G NR 2100", (LE DOUAR) 58250 LA NOCLE MAULAIX,58195,"46.7619,3.7819",Château d'eau - réservoir,28m,"Syndicat des eaux, Adduction",2025-12-24,ALL,False,False
1788146,SFR,"LTE 700, LTE 1800, LTE 2100",RUE GAMBETTA (LA CROIX DE LAUNAYE) 37380 REUGNY,37194,"47.4858,0.8836",Pylône autostable,"35,5m",HIVORY,2025-12-24,ALL,False,False
1788177,SFR,5G NR 3500,RTE DE BEAUCAIRE LA DÉCHETTERIE 30300 FOURQUES,30117,"43.6978,4.5969",Pylône autostable,21m,HIVORY,2025-12-26,ALL,False,False
1790636,SFR,"5G NR 2100, 5G NR 3500",RUE JEAN BAPTISTE MARCET (LA CENCIE) 44570 TRIGNAC,44210,"47.3167,-2.1725",Pylône autostable,33m,HIVORY,2025-12-24,ALL,False,False
1791766,SFR,5G NR 3500,7 RUE  DE LA CAMAMINE PAC RENAULT 85150 LES ACHARDS,85152,"46.6033,-1.6594",Pylône autostable,"31,5m",HIVORY,2025-12-26,ALL,False,False
1798749,SFR,5G NR 3500,924 RTE D'AIX 84120 PERTUIS,84089,"43.6803,5.4986",Pylône tubulaire,15m,HIVORY,2025-12-26,ALL,False,False
1800581,SFR,5G NR 3500,2 AVENUE GABRIEL PÉRI 34400 ST JUST,34272,"43.6575,4.1144",Monument religieux,19m,"Commune, communauté de communes",2025-12-26,ALL,False,False
1800628,SFR,LTE 700,VOIE COMMUNAL N°108 (LE PATIS DES LANDES) 85190 MACHE,85130,"46.7686,-1.6906",Pylône autostable,32m,HIVORY,2025-12-24,ALL,False,False
1808630,SFR,LTE 700,18-20 R ANDRÉ LEMITRE (LA MALADIÈRE) 01500 AMBERIEU EN BUGEY,01004,"45.9628,5.3531",Immeuble,17m,Société HLM,2025-12-24,ALL,False,False
1810434,SFR,UMTS 900,AV CELESTIN MONTCOCOL GOLF DE SAINTE MAXIME CLUB HOUSE (ZAC DU GOLF) 83120 STE MAXIME,83115,"43.3356,6.65",Bâtiment,11m,Société Privée,2025-12-30,ALL,False,False
1826988,SFR,"LTE 700, 5G NR 3500","7, AV DES ROMAINS (LE FLEURY) 74960 ANNECY",74010,"45.9064,6.1233",Immeuble,29m,"Copropriété, Syndic, SCI",,AJO,False,False
1840081,SFR,5G NR 2100,COOPERATIVE AGRICOLE (PORS AN DIOURIS) 22540 LOUARGAT,22135,"48.5661,-3.3497",Pylône autostable,32m,HIVORY,2025-12-24,ALL,False,False
1845456,SFR,"LTE 2100, 5G NR 2100", (COTE BARET) 42240 ST MAURICE EN GOURGOIS,42262,"45.3986,4.1861",Pylône tubulaire,27m,ATC FRANCE,2025-12-24,ALL,False,False
1868096,SFR,5G NR 3500,R DE KERVÉGUEN STADE AURÉGAN 29600 MORLAIX,29151,"48.5694,-3.8244",Pylône tubulaire,27m,SFR,2025-12-26,ALL,False,False
1875813,SFR,"LTE 2100, 5G NR 2100", (LE VIEIL HETRE) 72450 LOMBRON,72165,"48.0728,0.3978",Pylône autostable,"42,5m",TDF,2025-12-24,ALL,False,False
1878436,SFR,"LTE 700, LTE 2100, 5G NR 2100",D99 LA BUTÈNE (LA FOUCHERIE) 35113 DOMAGNE,35096,"48.0556,-1.3875",Pylône autostable,"30,4m",TDF,2025-12-24,ALL,False,False
1881673,SFR,LTE 700,RTE DE TOULON QUARTIER CAVIÈRE 2 83170 CAMPS LA SOURCE,83030,"43.3681,6.0969",Pylône autostable,"27,6m",ORANGE,2025-12-24,ALL,False,False
1886477,SFR,"LTE 2100, 5G NR 2100", (LA ROUGERIE) 35680 LOUVIGNE DE BAIS,35161,"48.0578,-1.3081",Pylône autostable,"32,8m",TDF,2025-12-24,ALL,False,False
1887180,SFR,"LTE 700, LTE 1800, LTE 2100, 5G NR 2100",VERS LA CARRIERE (LES HAUTS DE THOIRY) 01710 THOIRY,01419,"46.2428,5.9686",Mât,13m,"Commune, communauté de communes",2025-12-24,ALL,False,False
1940524,SFR,LTE 700,R DE BOEL ZONE INDUSTRIEL DE JANVILLE 28310 JANVILLE EN BEAUCE,28199,"48.2072,1.8778",Pylône tubulaire,"33,1m",HIVORY,2025-12-24,ALL,False,False
1945450,SFR,5G NR 3500,2 T R FERDINAND BUISSON 45200 MONTARGIS,45208,"47.9897,2.7308",Immeuble,21m,Société HLM,2025-12-24,ALL,False,False
1952436,SFR,"LTE 700, LTE 1800, LTE 2100, 5G NR 2100",3271 AV F. FAURE 06670 LEVENS,06075,"43.8231,7.2628",Mât,12m,HIVORY,,AJO,False,False
1952436,SFR,UMTS 2100,3271 AV F. FAURE 06670 LEVENS,06075,"43.8231,7.2628",Mât,12m,HIVORY,2010-08-03,SUP,False,False
1966933,SFR,"LTE 700, LTE 2100, 5G NR 2100",LA PIÈCE DE SPAY CHEM RURAL N° 8 72210 FILLE,72133,"47.9117,0.1339",Pylône autostable,30m,HIVORY,,AJO,False,False
1966933,SFR,UMTS 2100,LA PIÈCE DE SPAY CHEM RURAL N° 8 72210 FILLE,72133,"47.9117,0.1339",Pylône autostable,30m,HIVORY,2018-09-19,SUP,False,False
1969923,SFR,"LTE 2100, 5G NR 2100",TERRAIN COMMUNAL DU PIC CHARVET (PICIALVE) 06420 TOURNEFORT,06146,"43.9286,7.17",Pylône autostable,18m,SFR,2025-12-24,ALL,False,False
2017909,SFR,LTE 700,ROUTE DE ST HILAIRE DE CLISSON (LA FOUGEROTTE) 44190 ST LUMINE DE CLISSON,44173,"47.0567,-1.3525",Pylône autostable,32m,HIVORY,2025-12-24,ALL,False,False
2022747,SFR,5G NR 3500,15BIS ALL DES MARRONNIERS RENAULT TRUCK 78000 VERSAILLES,78646,"48.7844,2.0964",Pylône tubulaire,33m,CELLNEX,,AJO,False,False
2022747,SFR,UMTS 900,15BIS ALL DES MARRONNIERS RENAULT TRUCK 78000 VERSAILLES,78646,"48.7844,2.0964",Pylône tubulaire,33m,CELLNEX,,SUP,False,False
2041078,SFR,5G NR 3500,V COM. DE ST MARTIN 84120 PERTUIS,84089,"43.7064,5.5114",Pylône autostable,26m,BOUYGUES,2025-12-26,ALL,False,False
2047610,SFR,"UMTS 900, LTE 1800, LTE 2100, 5G NR 2100",ZI (LES LANDES DE DIGULLEVILLE) 50690 LA HAGUE,50041,"49.6797,-1.8581",Pylône autostable,50m,HIVORY,,AJO,False,False
2047610,SFR,UMTS 2100,ZI (LES LANDES DE DIGULLEVILLE) 50690 LA HAGUE,50041,"49.6797,-1.8581",Pylône autostable,50m,HIVORY,2010-12-30,SUP,False,False
2214795,SFR,"LTE 700, LTE 800, LTE 1800, LTE 2100, LTE 2600, 5G NR 2100",D105 - ROUTE DE CHAIGNAY (COMBRE ROBIN) 21120 GEMEAUX,21290,"47.4728,5.13",Pylône autostable,37m,ON TOWER FRANCE,2025-12-05,ALL,False,True
2229063,SFR,LTE 800,32 R ST-LADRE 57950 MONTIGNY LES METZ,57480,"49.0967,6.1553",Château d'eau - réservoir,42m,"Syndicat des eaux, Adduction",2016-05-20,ALL,False,False
2266876,SFR,"LTE 700, LTE 1800, LTE 2100, 5G NR 2100", (EN GRAND MONT) 01580 MATAFELON GRANGES,01240,"46.2306,5.4886",Pylône autostable,"20,2m",BOUYGUES,2025-12-24,ALL,False,False
2266882,SFR,"LTE 700, LTE 1800, LTE 2100, 5G NR 2100",NATIONALE 151 (LE DOMAINE NEUF) 58350 ST MALO EN DONZIOIS,58252,"47.3039,3.2811",Pylône autostable,30m,BOUYGUES,2025-12-24,ALL,False,False
2273749,SFR,"LTE 700, LTE 800, LTE 1800, LTE 2100, LTE 2600, 5G NR 2100",CHEMIN DE LA VIERGE (LAS COMBES) 34800 ASPIRAN,34013,"43.5642,3.4539",Pylône autostable,30m,ATC FRANCE,2025-12-24,ALL,False,True
2278662,SFR,"LTE 700, LTE 1800, LTE 2100",PIECE DE LA MONTEE BEL AIR 37800 DRACHE,37098,"47.0617,0.6139",Pylône autostable,"38,7m",BOUYGUES,2025-12-24,ALL,False,False
2314765,SFR,"LTE 2100, 5G NR 2100",QUARTIER LE BRUSQUET - CD 113 (LE DEFENS) 06530 ST CEZAIRE SUR SIAGNE,06118,"43.6472,6.8269",Pylône autostable,24m,BOUYGUES,2025-12-24,ALL,False,False
2334792,SFR,5G NR 3500,LA COUSINIÈRE MONT-BERTRAND (LA COUSINIÈRE MONT-BERTRAND) 14350 SOULEUVRE EN BOCAGE,14061,"48.9919,-0.9086",Pylône haubané,"32,3m",BOUYGUES,,AJO,False,False
2380094,SFR,"LTE 700, LTE 1800, LTE 2100, 5G NR 2100",LE MOULIN ROUGE 85200 BOURNEAU,85033,"46.5497,-0.8069",Pylône autostable,36m,BOUYGUES,2025-12-24,ALL,False,False
2402377,SFR,"LTE 700, LTE 1800, LTE 2100, 5G NR 2100",LA HUCHEPIE - D28 LA MAILLOTIÈRE DEPARTEMENTALE 28 (LA MAILLOTIÈRE) 37360 ST ANTOINE DU ROCHER,37206,"47.5303,0.6278",Pylône autostable,"38,3m",PHOENIX FRANCE INFRASTRUCTURES,2025-12-24,ALL,False,False
2421309,SFR,UMTS 900,ROUTE DE PUY CHABOT 85200 L ORBRIE,85167,"46.4953,-0.7794",Pylône autostable,67m,TDF,2025-12-24,ALL,False,False
2421373,SFR,"LTE 700, 5G NR 2100",LE MAR 56750 DAMGAN,56052,"47.5258,-2.5506",Pylône autostable,"20,3m",BOUYGUES,,AJO,False,False
2431262,SFR,"LTE 700, LTE 1800, LTE 2100, 5G NR 2100",LES TOUCHES 44590 SION LES MINES,44197,"47.7264,-1.5931",Pylône autostable,43m,ON TOWER FRANCE,2025-12-24,ALL,False,False
2452000,SFR,"LTE 2100, 5G NR 2100", (LE BOUSQUET) 34700 PEGAIROLLES DE L ESCALETTE,34196,"43.7967,3.3203",Pylône autostable,28m,BOUYGUES,2025-12-24,ALL,False,False
2452002,SFR,LTE 800,CHEMS DE LA BASE AERIENNE (PLAN DE ROQUES) 11100 NARBONNE,11262,"43.175,3.1247",Pylône autostable,"12,7m",PHOENIX FRANCE INFRASTRUCTURES,2025-12-30,ALL,False,True
2482941,SFR,5G NR 2100,LES CHAMPS DE BAS 50210 CERISY LA SALLE,50111,"49.0183,-1.2481",Pylône haubané,"30,3m",PHOENIX FRANCE INFRASTRUCTURES,2025-12-24,ALL,False,False
2493643,SFR,"LTE 700, LTE 1800, LTE 2100, 5G NR 2100",D2144 (LE BOIS DAY) 18190 CHAVANNES,18063,"46.8494,2.4181",Pylône autostable,"30,5m",BOUYGUES,2025-12-24,ALL,False,False
2529318,SFR,"LTE 700, LTE 800, LTE 1800, LTE 2100, LTE 2600, 5G NR 2100",237 ROUTE DU CHATEAU D EAU (LA VARENNE) 42130 ST ETIENNE LE MOLARD,42219,"45.7342,4.0808",Château d'eau - réservoir,40m,"Commune, communauté de communes",,AJO,False,True
2535349,SFR,LTE 2600,50 QUAI VENDEUVRE 14000 CAEN,14118,"49.1817,-0.3536",Bâtiment,26m,BOUYGUES,2025-12-24,ALL,False,False
2560963,SFR,"LTE 700, LTE 1800, LTE 2100, 5G NR 2100",N85 - CHEM VERS LA PLAINE DU MERLE (LE BANCHEIRON) 04330 BARREME,04022,"43.9581,6.3489",Pylône autostable,26m,BOUYGUES,,AJO,True,False
2576012,SFR,5G NR 3500,12 PARC D ACTIVITE DE BEL AIR 22600 ST CARADEC,22279,"48.1875,-2.8725",Pylône autostable,32m,PHOENIX FRANCE INFRASTRUCTURES,2025-12-26,ALL,False,False
2581056,SFR,"LTE 700, LTE 800, LTE 1800, LTE 2100, LTE 2600",1 RUE GUY MOQUET 95100 ARGENTEUIL,95018,"48.9497,2.2244",Pylône autostable,30m,"Copropriété, Syndic, SCI",2025-12-29,ALL,False,True
2621482,SFR,"LTE 700, LTE 2100, 5G NR 2100",LE QUERVISE 22140 BRELIDY,22018,"48.6656,-3.2236",Pylône autostable,"48,5m",PHOENIX FRANCE INFRASTRUCTURES,,AJO,False,False
2645344,SFR,LTE 700,ROUTE DE BROUVELIEURES (CHAMP RECHAUX) 88600 DOMFAING,88145,"48.2367,6.7444",Pylône autostable,"42,3m",HIVORY,2025-12-24,ALL,False,False
2700373,SFR,5G NR 3500,ROUTE DE VILLIERS (LA POITEVINE) 86170 YVERSAY,86300,"46.6742,0.2011",Pylône autostable,44m,PHOENIX FRANCE INFRASTRUCTURES,,AJO,False,False
2704884,SFR,GSM 900,ROUTE LA BEAURONNE (LE BLEUIL SUD) 24190 ST JEAN D ATAUX,24424,"45.1314,0.3928",Pylône autostable,36m,HIVORY,2022-12-23,SUP,False,False
2715539,SFR,"LTE 700, LTE 800, LTE 1800, LTE 2100, LTE 2600, 5G NR 2100, 5G NR 3500",1 TER R MARCEL DORE 86000 POITIERS,86194,"46.5678,0.3867",Pylône tubulaire,"21,4m",PHOENIX FRANCE INFRASTRUCTURES,2025-12-24,ALL,False,True
2719441,SFR,5G NR 3500,RUE DE SAINTE-POMPEE COMPLEXE SPORTIF PORZOU (PORZOU) 22450 LANGOAT,22101,"48.7522,-3.2811",Pylône tubulaire,30m,PHOENIX FRANCE INFRASTRUCTURES,2025-12-27,ALL,False,False
2738547,SFR,"LTE 700, LTE 800, LTE 1800, LTE 2100, LTE 2600, 5G NR 2100",CHEMIN RURAL DE LA CHÊNELAIS LES RAUDIERES (LA CHÊNELAIS) 44260 BOUEE,44019,"47.3181,-1.8842",Pylône autostable,36m,ATC FRANCE,2025-12-30,ALL,False,True
27389,SFR,LTE 2600,CHÂTEAU D'EAU ST LUBIN (LE TERTRE) 22210 PLEMET,22183,"48.1911,-2.6014",Château d'eau - réservoir,52m,"Syndicat des eaux, Adduction",,AJO,False,False
2744288,SFR,5G NR 3500,AVENUE NELSON MANDELA (LES MARTINES) 87200 ST JUNIEN,87154,"45.8956,0.9214",Pylône autostable,"38,3m",BOUYGUES,,AJO,False,False
2749281,SFR,"LTE 2600, 5G NR 3500",ROUTE DU BOSC RENOULT 61470 SAP EN AUGE,61460,"48.8981,0.3306",Pylône autostable,27m,CELLNEX,,AJO,False,False
2769233,SFR,5G NR 3500,CHEM DU PIOCH ARNAUD 34600 HEREPIAN,34119,"43.6,3.1117",Château d'eau - réservoir,"7,4m",PHOENIX FRANCE INFRASTRUCTURES,2025-12-26,ALL,False,False
2779560,SFR,5G NR 3500,272 CHEM DE LA BOVERIE CHEMIN DES MEUNIERS (LA BOVERIE) 01280 PREVESSIN MOENS,01313,"46.2678,6.0911",Pylône autostable,16m,PHOENIX FRANCE INFRASTRUCTURES,2025-12-26,ALL,False,False
2795396,SFR,5G NR 3500,6 ALLEE BUISSONNIERE COURS DU BUISSON 77186 NOISIEL,77337,"48.8436,2.6228",Immeuble,"17,2m",Société Privée,,AJO,False,True
2799277,SFR,5G NR 3500,18 AVENUE DE LA REPUBLIQUE 89200 AVALLON,89025,"47.4889,3.8997",Immeuble,17m,Société HLM,2025-12-26,ALL,False,False
2804963,SFR,5G NR 3500,RUE DE MERON IMPASSE DU CIMETIERE (LA HERSE) 49260 MONTREUIL BELLAY,49215,"47.1311,-0.1481",Pylône autostable,"26,3m",PHOENIX FRANCE INFRASTRUCTURES,2025-12-27,ALL,False,False
2836929,SFR,"LTE 2600, 5G NR 3500",1 ROUTE DE DOMFRONT DEPARTEMENTALE 21 (LES MALIS) 61220 BRIOUZE,61063,"48.6936,-0.3756",Pylône autostable,27m,CELLNEX,,AJO,False,False
2858025,SFR,5G NR 3500,140B CHEMIN  DE NOTRE DAME DE CONSTANCE 83230 BORMES LES MIMOSAS,83019,"43.1536,6.3425",Pylône arbre,12m,CELLNEX,2025-12-26,ALL,False,False
2870825,SFR,5G NR 3500,ROUTE DE REMOULINS DEPARTEMENTALE 986L 30300 COMPS,30089,"43.8517,4.5994",Pylône autostable,21m,BOUYGUES,2025-12-27,ALL,False,False
2879116,SFR,"LTE 700, LTE 800, LTE 1800, LTE 2100, 5G NR 2100",ROUTE DE QUIBERVILLE (LA CROIX VAL) 76690 LA HOUSSAYE BERANGER,76369,"49.6364,1.0761",Pylône autostable,"42,3m",SFR,2025-12-26,ALL,False,True
2880108,SFR,UMTS 900,3 RUE PUISAYE RUE DU MARCHE 95880 ENGHIEN LES BAINS,95210,"48.9689,2.3103",Immeuble,27m,Société HLM,2025-11-12,SUP,False,False
2912347,SFR,5G NR 3500,3 CHEMIN DES FRESNAIS (LES FRESNAIS) 50140 ROMAGNY FONTENAY,50436,"48.6483,-0.9519",Pylône autostable,"28,5m",CELLNEX,,AJO,False,False
2947263,SFR,5G NR 3500,ZA DE PLACITRAY (MIRON) 50730 ST HILAIRE DU HARCOUET,50484,"48.5656,-1.075",Pylône autostable,"34,5m",CELLNEX,,AJO,False,False
2950253,SFR,"LTE 700, LTE 800, LTE 1800, LTE 2100, LTE 2600, 5G NR 3500",7 AVENUE DU FIEF 95310 ST OUEN L AUMONE,95572,"49.045,2.1461",Pylône autostable,26m,BOUYGUES,2025-12-24,ALL,False,True
2956444,SFR,"UMTS 900, LTE 700, LTE 800", (LE MOURREL) 81240 LACABAREDE,81121,"43.4347,2.5928",Pylône autostable,"42,5m",CELLNEX,,AJO,True,True
2961591,SFR,"LTE 700, LTE 800, LTE 1800, LTE 2100, LTE 2600, 5G NR 2100",CHEM D'ARBOUSSET (L'ARBOUSSET) 30140 BOISSET ET GAUJAC,30042,"44.0539,3.9997",Pylône autostable,34m,TOTEM,2025-12-30,ALL,False,True
2970067,SFR,"LTE 1800, LTE 2100",72 RUE DÉSIRÉ LE HOC 14800 DEAUVILLE,14220,"49.3597,0.075",Mobilier urbain,"6,3m",Société Privée,2025-12-30,ALL,False,True
2986995,SFR,"LTE 700, LTE 800, LTE 1800, LTE 2100, 5G NR 2100",ROUTE DE CHARMOY (DOUR) 89113 VALRAVILLON,89196,"47.9231,3.475",Pylône autostable,61m,ON TOWER FRANCE,2025-12-30,ALL,False,True
2989048,SFR,5G NR 3500,CHEMIN RURAL (GRAND CHAMP) 01500 AMBERIEU EN BUGEY,01004,"45.9528,5.3711",Pylône autostable,32m,CELLNEX,2025-12-26,ALL,False,False
2994160,SFR,"LTE 700, LTE 800, LTE 1800, LTE 2100, LTE 2600, 5G NR 2100",R VINAUGER 45240 LA FERTE ST AUBIN,45146,"47.7181,1.9594",Pylône autostable,"40,5m",CELLNEX,2025-12-24,ALL,False,True
2998483,SFR,"LTE 700, LTE 800, LTE 1800, LTE 2100, LTE 2600, 5G NR 2100",150 RTE DE BESSE 83340 FLASSANS SUR ISSOLE,83057,"43.3706,6.2017",Pylône autostable,24m,FREE-MOBILE,2025-12-24,ALL,False,True
3002328,SFR,"LTE 700, LTE 800, LTE 1800, LTE 2100, LTE 2600, 5G NR 2100",12 AV DE LIMOGES (RESIDENCE SAINT MARTIN) 87920 CONDAT SUR VIENNE,87048,"45.7936,1.2328",Immeuble,"17,8m",Société HLM,2025-12-24,ALL,False,True
3005725,SFR,"LTE 700, LTE 800, LTE 1800, LTE 2100, LTE 2600, 5G NR 2100",ROUTE DE GOURNIER (LE SUC) 43210 BAS EN BASSET,43020,"45.2969,4.1275",Pylône autostable,30m,CELLNEX,2025-12-30,ALL,False,True
3009187,SFR,"LTE 700, LTE 800, LTE 1800, LTE 2100, LTE 2600, 5G NR 2100",QUARTIER BOURGOGNE ROUTE ND 7 - CC LIDL 83460 LES ARCS,83004,"43.4475,6.4722",Pylône tubulaire,"19,5m",CELLNEX,2025-12-24,ALL,False,True
3009423,SFR,"LTE 700, LTE 800, LTE 1800, LTE 2100, LTE 2600, 5G NR 2100, 5G NR 3500",CHEM DES FLECHES 01000 ST DENIS LES BOURG,01344,"46.1931,5.1944",Pylône autostable,"30,1m",CELLNEX,2025-12-24,ALL,False,True
3011806,SFR,"LTE 700, LTE 800, LTE 1800, LTE 2100, LTE 2600, 5G NR 2100",CLOS DE LA ROCHE (COETMEUR) 22600 ST BARNABE,22275,"48.1433,-2.6889",Pylône autostable,"26,6m",CELLNEX,2025-12-24,ALL,False,True
3013424,SFR,UMTS 900,AU BORD DE LA ROUTE COMMUNALE DU COL DE LA MOLÈDE (LA MOLÈDE) 15300 ALBEPIERRE BREDONS,15025,"45.0819,2.8156",Pylône autostable,31m,TOTEM,2025-12-12,ALL,True,False
3014687,SFR,"LTE 700, LTE 800, LTE 1800, LTE 2100, LTE 2600, 5G NR 2100, 5G NR 3500",519 AVENUE DE PARME CHEMIN DU PLAN 01000 BOURG EN BRESSE,01053,"46.2197,5.2508",Pylône autostable,25m,ORANGE,2025-12-24,ALL,False,True
3015769,SFR,UMTS 900,RUE DU MONT DE FOURCHE 51300 VITRY EN PERTHOIS,51647,"48.7544,4.6283",Pylône autostable,36m,ORANGE,2025-12-13,ALL,True,True
3015967,SFR,"LTE 700, LTE 800, LTE 1800, LTE 2100, LTE 2600, 5G NR 2100",VOIE COMMUNALE DU PASSOUÉ (LE PASSOUÉ) 56350 ALLAIRE,56001,"47.6706,-2.1503",Pylône autostable,37m,CELLNEX,2025-12-24,ALL,False,True
3017995,SFR,"LTE 700, LTE 800, LTE 1800, LTE 2100, LTE 2600, 5G NR 3500",15 RUE PASTEUR 91290 LA NORVILLE,91457,"48.5894,2.2633",Bâtiment,"15,7m","Copropriété, Syndic, SCI",2025-12-30,ALL,False,True
3022845,SFR,"UMTS 900, 5G NR 2100",BOIS DU ROC (LE CORMIER) 16230 JUILLE,16173,"45.9222,0.1258",Pylône autostable,30m,TOTEM,,SUP,False,False
3024220,SFR,UMTS 900,297 ROUTE DE CAUDECOSTE 82340 DUNES,82050,"44.0997,0.7686",Pylône autostable,"30,2m",SFR,,SUP,False,True
3027675,SFR,"LTE 700, LTE 800, LTE 1800, LTE 2100, LTE 2600, 5G NR 2100, 5G NR 3500",PROCHE RUE DES COUDRAYS ZONE INDUSTRIELLES LE COUDRAY (JERUSALEM) 72610 ARCONNAY,72006,"48.4028,0.0933",Pylône autostable,"18,5m",CELLNEX,2025-12-24,ALL,False,True
3027995,SFR,5G NR 3500,12 RUE SAINT MICHEL A ANGOULEME 16000 ANGOULEME,16015,"45.6442,0.1108",Pylône autostable,42m,HIVORY,,AJO,False,True
3027995,SFR,UMTS 900,12 RUE SAINT MICHEL A ANGOULEME 16000 ANGOULEME,16015,"45.6442,0.1108",Pylône autostable,42m,HIVORY,,SUP,False,True
3032005,SFR,"UMTS 900, LTE 700, LTE 800",36 CHEMIN DE PECH LAQUET BOULODROME 46170 ST PAUL FLAUGNAC,46103,"44.2825,1.3922",Pylône autostable,24m,FREE-MOBILE,2025-12-24,ALL,True,True
3032345,SFR,"LTE 700, LTE 800, LTE 1800, LTE 2100, LTE 2600, 5G NR 2100",CHEMIN DE GAILLOUX (LES GRANGES) 01170 CROZET,01135,"46.2686,6.0156",Pylône autostable,31m,CELLNEX,2025-12-29,ALL,False,True
3034171,SFR,UMTS 900,DEPUIS LA ROUTE DE MONPAZIER - D104 PUIS CHEMIN RURAL VERS MIGOU (MIGOU) 47210 ST MARTIN DE VILLEREAL,47256,"44.6489,0.8314",Pylône autostable,"36,3m",TOTEM,2025-12-17,ALL,True,True
3034184,SFR,UMTS 900,RUE DU CHATEAU D'EAU (MEURGINATTE) 90100 LEPUIX NEUF,90064,"47.545,7.1036",Pylône autostable,24m,TOTEM,2025-12-18,ALL,True,True
3037245,SFR,"LTE 700, LTE 800, LTE 1800, LTE 2100, LTE 2600, 5G NR 2100, 5G NR 3500",AV DE KERANGUEN (LE FOURCHENE) 56000 VANNES,56260,"47.6589,-2.7933",Pylône autostable,"31,1m",Société Privée,2025-12-30,ALL,False,True
3039108,SFR,"UMTS 900, LTE 800, LTE 1800, LTE 2100",ROUTE DE RIBEAUCOURT D185 (FERME DU MOULIN) 80620 DOMART EN PONTHIEU,80241,"50.0822,2.1269",Pylône autostable,30m,ATC FRANCE,2025-12-24,ALL,False,True
3042629,SFR,"LTE 700, LTE 800, LTE 1800, LTE 2100, LTE 2600, 5G NR 2100",476 R PIERRE ET MARIE CURIE 44430 LE LOROUX BOTTEREAU,44084,"47.2339,-1.3742",Pylône autostable,31m,BOUYGUES,2025-12-24,ALL,False,True
3045405,SFR,UMTS 900,RUE DE LA MAIRIE (LE VERGER) 89210 PAROY EN OTHE,89288,"48.0328,3.5689",Pylône autostable,24m,TDF,2025-12-18,ALL,True,True
3048806,SFR,UMTS 900,BODOU BIAN PARC PRAT AR MENE (LE BODOU) 29650 BOTSORHEL,29014,"48.4975,-3.62",Pylône autostable,24m,Particulier,2025-12-24,ALL,True,False
3049231,SFR,"GSM 900, UMTS 900, LTE 800, LTE 1800", (LE BÉZIAIS) 85000 MOUILLERON LE CAPTIF,85155,"46.7108,-1.4769",Pylône autostable,60m,Towercast,2025-12-24,ALL,False,True
30517,SFR,5G NR 3500,R DES MONTS D'ARRÉES ZI DE CHEDEVILLE 35140 ST AUBIN DU CORMIER,35253,"48.2617,-1.4078",Pylône autostable,30m,HIVORY,2025-12-26,ALL,False,False
3052551,SFR,"UMTS 900, LTE 700, LTE 800",830 ROUTE DE MAMERS (LE POIRIER JAUNE) 72400 LA CHAPELLE DU BOIS,72062,"48.2297,0.5828",Pylône autostable,"42,4m",FREE-MOBILE,2025-12-12,ALL,True,True
3053617,SFR,"LTE 700, LTE 800, LTE 1800, LTE 2100, LTE 2600, 5G NR 2100",ALLEE DE CHASSAGNE (AU SUD DE CHASSAGNE) 01570 MANZIAT,01231,"46.3628,4.8903",Pylône autostable,"36,2m",CELLNEX,2025-12-24,ALL,False,True
3053623,SFR,"LTE 700, LTE 800, LTE 1800, LTE 2600, 5G NR 2100",ROUTE DE LA SAUVEE (LES TERRES DU LAC) 41230 SOINGS EN SOLOGNE,41247,"47.4086,1.5214",Pylône autostable,"36,3m",CELLNEX,2025-12-24,ALL,False,True
3055300,SFR,"LTE 1800, 5G NR 2100","RUE PRINCIPALE, PROCHE D133 PROCHE D133 (HAUT PAQUIS) 54290 LOROMONTZEY",54325,"48.4369,6.3817",Pylône autostable,36m,TOTEM,2025-12-24,ALL,False,True
3057187,SFR,"LTE 700, LTE 800, LTE 1800, LTE 2100, LTE 2600, 5G NR 2100",CHEMIN D'EXPLOITATION 7 (TERRES DE MARSOIF) 89700 TONNERRE,89418,"47.8261,3.9681",Pylône autostable,"31,3m",CELLNEX,2025-12-24,ALL,False,True
3063104,SFR,"LTE 700, LTE 800, LTE 1800, LTE 2100, LTE 2600, 5G NR 2100, 5G NR 3500",3 RUE DU PONT DES CHÈVRES 01000 BOURG EN BRESSE,01053,"46.21,5.2208",Immeuble,49m,"Copropriété, Syndic, SCI",2025-12-24,ALL,False,True
3065262,SFR,"LTE 700, LTE 800, LTE 1800, LTE 2100, LTE 2600, 5G NR 2100",CHEMIN DU RHÔNE (LE LIMA) 30490 MONTFRIN,30179,"43.8706,4.6089",Pylône autostable,30m,BOUYGUES,2025-12-30,ALL,False,True
3069676,SFR,LTE 700,EN FACE DE LA BARRE DE VUE (LA PIÈCE LONGUE CHÉMÉRÉ) 44680 CHAUMES EN RETZ,44005,"47.1744,-1.8975",Pylône autostable,30m,TOTEM,2025-12-29,ALL,True,False
3070968,SFR,"UMTS 900, LTE 700, LTE 800",2088 CHEM DES ADRECHS (LA PUADE) 83570 CORRENS,83045,"43.4747,6.0686",Pylône autostable,24m,BOUYGUES,,AJO,True,True
3071023,SFR,UMTS 900,CHEMIN DES PATURAGES (TOTENWEG) 57380 ADELANGE,57008,"49.0053,6.6208",Pylône autostable,36m,TOTEM,2025-12-13,ALL,True,True
3071177,SFR,"LTE 700, LTE 800, LTE 1800, LTE 2100, LTE 2600, 5G NR 2100",CHEMIN DE DESSERT RUE DU BOIS DE L'ACHE (BOIS DE L'ACHE) 71260 VIRE,71584,"46.4511,4.8644",Pylône autostable,42m,SFR,2025-12-26,ALL,False,True
3072130,SFR,"UMTS 900, LTE 700, LTE 800",PROCHE RUE DU STADE (LE MAS NADAL) 81250 MASSALS,81161,"43.8492,2.5214",Pylône autostable,36m,FREE-MOBILE,2025-12-16,ALL,True,True
3072299,SFR,UMTS 900,CHEMIN RURAL N°9 ROUTE DES GRANGES (LE CLERGÉ) 69240 ST VINCENT DE REINS,69240,"46.0958,4.3928",Pylône autostable,30m,TOTEM,2025-12-17,ALL,True,True
3072611,SFR,"LTE 700, LTE 800, LTE 1800, LTE 2100, LTE 2600, 5G NR 2100", (LE GERSAIS) 61250 VALFRAMBERT,61497,"48.4839,0.1128",Pylône autostable,"36,5m",CELLNEX,2025-12-30,ALL,False,True
3073551,SFR,UMTS 900,ROUTE DE CHAUDEFONTAINE 88200 VECOUX,88498,"47.9678,6.6628",Pylône autostable,30m,TOTEM,2025-12-16,ALL,True,True
3073686,SFR,"LTE 700, LTE 800, LTE 1800, LTE 2100, LTE 2600, 5G NR 2100",CHEMIN D'EXPLOITATION (AUF DEN SAND) 67490 LITTENHEIM,67269,"48.735,7.5056",Pylône autostable,24m,TDF,2025-12-30,ALL,False,True
30805,SFR,LTE 800,2 RTE DU METTRAY 37390 LA MEMBROLLE SUR CHOISILLE,37151,"47.4406,0.6386",Bâtiment,22m,"Copropriété, Syndic, SCI",2018-06-21,ALL,False,False
3087378,SFR,"UMTS 900, LTE 700, LTE 800",CAMI DETH HAYAU (L ARRIMOULA) 65190 OUEILLOUX,65346,"43.1658,0.1694",Pylône autostable,30m,FREE-MOBILE,2025-12-16,ALL,True,True
3091632,SFR,"LTE 700, LTE 800, LTE 1800, LTE 2100, LTE 2600, 5G NR 2100",LE CHEMIN DE JAULZY D81 02600 VILLERS COTTERETS,02810,"49.2692,3.1",Pylône autostable,"36,4m",ON TOWER FRANCE,2025-12-26,ALL,False,True
3094412,SFR,"UMTS 900, LTE 700, LTE 800",CHEM DU GRAND LIER 79420 ST LIN,79267,"46.5317,-0.2436",Pylône autostable,"24,4m",BOUYGUES,,AJO,True,True
3096189,SFR,"UMTS 900, LTE 700, LTE 800",LES PUCETS 12 LOTISSEMENT PRIEUR 03220 TREZELLES,03291,"46.3264,3.5983",Pylône autostable,"24,5m",BOUYGUES,2025-12-24,ALL,True,True
3097310,SFR,"LTE 700, LTE 800, LTE 1800, LTE 2100, LTE 2600, 5G NR 2100, 5G NR 3500",65 ALL DE LOC'HILAIRE 29170 FOUESNANT,29058,"47.8889,-4.0097",Pylône tubulaire,"36,6m",CELLNEX,2025-12-24,ALL,False,True
3101239,SFR,"LTE 700, LTE 800, LTE 1800, LTE 2100, LTE 2600, 5G NR 2100, 5G NR 3500",8 RUE EDOUARD BRANLY (CHIRON POULET) 86000 POITIERS,86194,"46.5911,0.3886",Pylône autostable,30m,CELLNEX,2025-12-30,ALL,False,True
3104272,SFR,"LTE 700, LTE 800, LTE 1800, LTE 2100, LTE 2600, 5G NR 2100",196 CHEMIN DES CHARMILLES 38270 BEAUREPAIRE,38034,"45.3461,5.0517",Pylône autostable,30m,SFR,2025-12-26,ALL,False,True
3109321,SFR,"LTE 700, LTE 800, LTE 1800, LTE 2100, LTE 2600, 5G NR 2100",CHEMIN D'EXPLOITATION PROCHE DEPARTEMENTALE 56 (LA RONCHÈRE ) 44140 REMOUILLE,44142,"47.05,-1.3864",Pylône autostable,"24,1m",CELLNEX,2025-12-30,ALL,False,True
3109918,SFR,"LTE 700, LTE 800, LTE 1800, LTE 2100, LTE 2600, 5G NR 2100",CHEMIN DE LA COLOMBARIE (LE CAUSSE) 81170 ST MARTIN LAGUEPIE,81263,"44.1261,1.9161",Pylône autostable,30m,TDF,2025-12-30,ALL,False,True
3110068,SFR,"LTE 700, LTE 800, LTE 1800, LTE 2100, LTE 2600, 5G NR 2100",235 RTE DE CONGRIER 53390 ST AIGNAN SUR ROE,53197,"47.8342,-1.1317",Pylône autostable,"42,6m",BOUYGUES,2025-12-24,ALL,False,True
3115712,SFR,UMTS 900,CHEMIN DES PRÈS 71960 FUISSE,71210,"46.2831,4.7525",Pylône autostable,"26,5m",ORANGE,2025-12-24,ALL,True,True
3120969,SFR,"LTE 2100, LTE 2600, 5G NR 2100",RUE VICTOR HUGO RUE VAILLANT COUTURIER (CLOS DU REAL) 59294 HAUSSY,59289,"50.2208,3.4872",Pylône autostable,36m,ATC FRANCE,2025-12-30,ALL,False,True
3122872,SFR,"LTE 700, LTE 800, LTE 1800, LTE 2100, LTE 2600, 5G NR 2100, 5G NR 3500",ZA DU CLOSO 4 ALLÉE DE L'ISLE DU CLOSO 56760 PENESTIN,56155,"47.4775,-2.4772",Pylône tubulaire,24m,CELLNEX,2025-12-30,ALL,False,True
3125733,SFR,"UMTS 900, LTE 700, LTE 800",SERRE DES JONGS (CHEMIN DE GROS JEAN) 05130 SIGOYER,05168,"44.4983,5.9742",Pylône autostable,"30,3m",CELLNEX,,AJO,True,True
3125915,SFR,"LTE 700, LTE 800, LTE 1800, LTE 2100, 5G NR 2100","LA TRANSEUROPEENNE A89 PR 499,2 S2 LA FOREST 42540 STE COLOMBE SUR GAND",42209,"45.8689,4.2689",Pylône autostable,30m,Sociétés d'Autoroutes,2025-12-30,ALL,False,True
3126745,SFR,"UMTS 900, LTE 700, LTE 800",87 CHEMIN DU CIMETIERE 30140 ST FELIX DE PALLIERES,30252,"44.0253,3.9336",Pylône autostable,"24,8m",BOUYGUES,,AJO,True,True
3128322,SFR,"LTE 700, LTE 800, LTE 1800, LTE 2100, LTE 2600, 5G NR 2100",369 ROUTE DE PERREUIL RD 984 71510 PERREUIL,71347,"46.8086,4.5789",Pylône autostable,"30,5m",TDF,2025-12-16,ALL,False,True
3129030,SFR,"UMTS 900, LTE 700, LTE 800, LTE 1800, LTE 2100, LTE 2600, 5G NR 2100, 5G NR 3500",BD DE LA CIE DES INDES STADE DU DRIASKER 56290 PORT LOUIS,56181,"47.7083,-3.3508",Pylône tubulaire,"17,9m",CELLNEX,,AJO,False,True
3137073,SFR,"LTE 700, LTE 800, LTE 1800, LTE 2100, LTE 2600, 5G NR 2100",CHEM DES AIGRIERS (SOUYS) 03210 ST MENOUX,03247,"46.5856,3.1706",Pylône autostable,31m,BOUYGUES,2025-12-24,ALL,False,True
3139390,SFR,"LTE 700, LTE 800, LTE 1800, LTE 2100, LTE 2600, 5G NR 2100",CHEM DES FORGES (CHAMPS DU BOIS) 36100 LES BORDES,36021,"46.9786,1.9647",Pylône autostable,"24,7m",BOUYGUES,2025-12-24,ALL,False,True
3140693,SFR,5G NR 3500,84 PLACE DU SOUVENIR 38890 SALAGNON,38467,"45.6669,5.3525",Monument religieux,"24,5m","Commune, communauté de communes",,SUP,False,True
3141088,SFR,"UMTS 900, LTE 700, LTE 800, LTE 1800, LTE 2100, LTE 2600, 5G NR 2100, 5G NR 3500",R PIERRE HUET (LES DOUETS) 61100 FLERS,61169,"48.7453,-0.5531",Pylône autostable,"24,6m",CELLNEX,2025-12-30,ALL,False,True
3141131,SFR,"LTE 700, LTE 800, LTE 1800, LTE 2100, LTE 2600, 5G NR 2100",RUE DE LA PLAINE (LE MOULIN ABATTU) 60220 MOLIENS,60405,"49.6606,1.8136",Pylône autostable,42m,HIVORY,2025-12-26,ALL,False,True
3142083,SFR,"LTE 700, LTE 800, LTE 1800, LTE 2100, LTE 2600, 5G NR 2100",ROUTE DE BLOIS D951 (LES BALLOIS) 41500 MUIDES SUR LOIRE,41155,"47.6586,1.5153",Pylône autostable,"38,9m",ON TOWER FRANCE,2025-12-24,ALL,False,True
3144408,SFR,"UMTS 900, LTE 700, LTE 800",CHEMIN DE  CORSEVACHE (GRAND CHAMP) 18340 CROSSES,18081,"47.0122,2.5792",Pylône autostable,36m,TOTEM,,AJO,True,True
3144905,SFR,"LTE 700, LTE 800, LTE 1800, LTE 2100, LTE 2600, 5G NR 2100",CHEMIN DE LA DAME (CHATEAU BARDON) 71680 VINZELLES,71583,"46.2756,4.7603",Pylône autostable,"24,2m",CELLNEX,,AJO,False,True
3147991,SFR,"UMTS 900, LTE 700, LTE 800",LA GRILLADE DU HAUT ROUTE DU HAUT DE LA LANDE 53600 ST GEORGES SUR ERVE,53221,"48.1619,-0.2831",Pylône autostable,"18,5m",BOUYGUES,,AJO,True,True
3152411,SFR,"UMTS 900, LTE 700, LTE 800",PROCHE DE ROUTE DES VIGNES (BOLIVARIA EST) 46130 LOUBRESSAC,46177,"44.8614,1.8183",Pylône autostable,"17,3m",TDF,2025-12-30,ALL,True,True
3154975,SFR,5G NR 3500,CHEMIN DU BALCON CHEMIN DU COTEAU (FONTEPAISSE) 26190 ST JEAN EN ROYANS,26307,"45.0206,5.2953",Pylône autostable,12m,SFR,,AJO,False,True
3158423,SFR,"LTE 700, LTE 800, LTE 1800, LTE 2100, LTE 2600, 5G NR 2100, 5G NR 3500",2 RUE DES MÉSANGES 03100 MONTLUCON,03185,"46.3314,2.6211",Immeuble,"19,8m","Copropriété, Syndic, SCI",2025-12-30,ALL,False,True
3173616,SFR,"UMTS 900, LTE 700, LTE 800",ROUTE DE THIERY (LE VILLARS) 06710 THIERY,06139,"43.9831,7.0614",Pylône autostable,"12,6m",CELLNEX,,AJO,True,True
3179054,SFR,"LTE 700, LTE 800, LTE 1800, LTE 2100, LTE 2600, 5G NR 2100",8 RUE DU STADE LES APPRAS 03400 TOULON SUR ALLIER,03286,"46.5133,3.3569",Pylône autostable,"30,5m",BOUYGUES,2025-12-24,ALL,False,True
3180479,SFR,"UMTS 900, LTE 700, LTE 800",CHEMIN LES BUISSIERES (LES LARDETS) 30410 MOLIERES SUR CEZE,30171,"44.2578,4.1267",Pylône autostable,36m,BOUYGUES,,AJO,True,True
3182689,SFR,"LTE 700, LTE 800, LTE 1800, LTE 2100, LTE 2600, 5G NR 2100",CHEMIN RURAL DE LA BROQUETIÈRE (MARTINIERE D EN HAUT) 00404 ERR CONV INSEE,49069,"47.2592,-1.1728",Pylône autostable,"32,5m",BOUYGUES,2025-12-30,ALL,False,True
3182887,SFR,"LTE 700, LTE 800", (GRAVE DU COUTURIER ET LOCHE) 26310 VAL MARAVEL,26136,"44.5911,5.6067",Pylône autostable,12m,CELLNEX,2025-12-29,ALL,True,True
3182889,SFR,"LTE 700, LTE 800, LTE 1800, LTE 2100, LTE 2600, 5G NR 2100", (LES ROCHETTES) 71570 LEYNES,71258,"46.2611,4.7153",Pylône autostable,"30,6m",CELLNEX,,AJO,False,True
3182974,SFR,"UMTS 900, LTE 700, LTE 800, LTE 1800, LTE 2100, LTE 2600, 5G NR 2100",RESERVOIR (PUY DE BUGEAT) 19170 BUGEAT,19033,"45.5944,1.9414",Pylône autostable,40m,ON TOWER FRANCE,2025-12-29,ALL,False,True
3183768,SFR,"UMTS 900, LTE 700, LTE 800",TREVE OBLETTE (LA MARNE) 42830 LA TUILIERE,42314,"45.9575,3.8367",Pylône autostable,"36,8m",BOUYGUES,2025-12-24,ALL,True,True
3185485,SFR,"LTE 700, LTE 800, LTE 1800, LTE 2100, LTE 2600, 5G NR 2100",LE PONT (LA LANDE GUINEBERT) 35450 DOURDAIN,35101,"48.1867,-1.3728",Pylône autostable,"24,2m",PHOENIX FRANCE INFRASTRUCTURES,,AJO,False,True
3191027,SFR,"UMTS 900, LTE 700, LTE 800",CHEMIN D'EXPLOITATION PROCHE ROUTE DU COL DE L'OEILLON (LES VARANNES) 42220 COLOMBIER,42067,"45.3489,4.6022",Pylône autostable,24m,"Commune, communauté de communes",,AJO,True,True
3191037,SFR,"UMTS 900, LTE 700, LTE 800",CHEMIN DU MONT (LE MONT) 42220 COLOMBIER,42067,"45.3261,4.5861",Pylône autostable,24m,Société Privée,,AJO,True,True
3191376,SFR,"UMTS 900, LTE 700, LTE 800",18 RUE DE L'ÉGLISE 80360 LONGUEVAL,80490,"50.0261,2.8056",Monument religieux,24m,"Commune, communauté de communes",2025-12-30,ALL,True,True
3194525,SFR,"LTE 700, LTE 800, LTE 1800, LTE 2100, LTE 2600, 5G NR 2100",RUE DE DE LA RENARDIÈRE 35850 PARTHENAY DE BRETAGNE,35216,"48.1842,-1.8342",Pylône autostable,"24,3m",BOUYGUES,,AJO,False,True
3195350,SFR,"UMTS 900, LTE 700, LTE 800",PROCHE CIMETIÈRE (GAMMAL ET SERRE D'ESCALEIR) 30410 MOLIERES SUR CEZE,30171,"44.2661,4.1472",Pylône autostable,"24,3m",CELLNEX,,AJO,True,True
3197758,SFR,"LTE 700, LTE 800, LTE 1800, LTE 2100, LTE 2600, 5G NR 2100",CHEM RURAL DIT DES ESSAIS (LES CHARVIGNES) 74290 VEYRIER DU LAC,74299,"45.8906,6.1781",Pylône autostable,30m,TOTEM,2025-12-30,ALL,False,True
3244721,SFR,"UMTS 900, LTE 700, LTE 800",CHEMIN DE MILHARS À LAGUÉPIE (PECHAIROUS) 81170 MILHARS,81165,"44.1231,1.9047",Pylône autostable,30m,SFR,,AJO,True,True
3244871,SFR,"UMTS 900, LTE 700, LTE 800",CHEMIN DU MOUNGE (BUC) 09350 LA BASTIDE DE BESPLAS,09038,"43.1728,1.2881",Pylône autostable,36m,SFR,,AJO,True,True
3244877,SFR,"LTE 700, LTE 800, LTE 1800, LTE 2100, LTE 2600, 5G NR 2100",ROUTE DE LA CITADELLE (LAVIGNE) 40380 LOUER,40159,"43.7586,-0.8819",Pylône autostable,"30,8m",TDF,,AJO,False,True
3248159,SFR,"UMTS 900, LTE 800, LTE 1800, LTE 2100, LTE 2600",ROUTE DE METZ (KIESSEL) 57100 THIONVILLE,57672,"49.3308,6.1508",Pylône autostable,36m,SFR,,AJO,False,True
3248281,SFR,"LTE 700, LTE 800, LTE 1800, LTE 2100, LTE 2600, 5G NR 2100",PROCHE DE CHEMIN DE SAINT-VAAST (LA COUTURE DE LA CROIX DE FER) 59112 ANNOEULLIN,59011,"50.5169,2.9464",Pylône autostable,42m,HIVORY,,AJO,False,True
3248330,SFR,"LTE 700, LTE 800, LTE 1800, LTE 2100, LTE 2600, 5G NR 2100",RUE GENERAL CHARLES DE GAULLE ÉGLISE DE BUC (LE VILLAGE) 90800 BUC,90020,"47.6144,6.7856",Monument religieux,27m,"Commune, communauté de communes",,AJO,False,True
3248668,SFR,"LTE 700, LTE 800, LTE 1800, LTE 2100, LTE 2600, 5G NR 2100",68 AV. DES DEPORTES ET FUSILLES 17300 ROCHEFORT,17299,"45.9292,-0.9653",Pylône tubulaire,32m,ON TOWER FRANCE,,AJO,False,True
436512,SFR,5G NR 2100,CHEM RURAL DIT DE L'ALOUETTE (LA POTENCE) 08300 RETHEL,08362,"49.5144,4.3858",Pylône haubané,79m,TDF,2024-04-15,ALL,False,False
437632,SFR,5G NR 3500,ROUTE DE MEZE (LE THO NÔRD) 34560 VILLEVEYRAC,34341,"43.4933,3.6011",Pylône autostable,32m,SFR,2025-12-26,ALL,False,False
439122,SFR,"LTE 700, LTE 2100, 5G NR 2100, 5G NR 3500", (AURON/LAS DONNAS) 06660 ST ETIENNE DE TINEE,06120,"44.2081,6.9139",Pylône autostable,54m,TDF,,AJO,False,False
439122,SFR,UMTS 2100, (AURON/LAS DONNAS) 06660 ST ETIENNE DE TINEE,06120,"44.2081,6.9139",Pylône autostable,54m,TDF,2011-07-27,SUP,False,False
441322,SFR,5G NR 3500,DÉCHETTERIE (LE PLANESTEL) 83600 BAGNOLS EN FORET,83008,"43.5317,6.6908",Pylône autostable,30m,TDF,2025-12-26,ALL,False,False
458619,SFR,"LTE 700, 5G NR 3500",CASTEL PIC R KER-NAON 22200 GUINGAMP,22070,"48.5689,-3.1517",Pylône autostable,46m,TDF,2025-12-26,ALL,False,False
458786,SFR,5G NR 3500,230 AV PIERRE RAMEIL HLM PIERRE RAMEIL 83240 CAVALAIRE SUR MER,83036,"43.1744,6.5264",Immeuble,18m,Société HLM,2025-12-27,ALL,False,False
464771,SFR,5G NR 3500,R ST-JEAN - PARVIS ST-JEAN EGLISE ST-JEAN 22400 LAMBALLE ARMOR,22093,"48.4683,-2.5169",Monument religieux,53m,"Commune, communauté de communes",2025-12-26,ALL,False,False
466077,SFR,LTE 700,ROUTE GATE BOURSE 86800 JARDRES,86114,"46.5639,0.5578",Pylône autostable,50m,TDF,,AJO,False,False
470467,SFR,5G NR 2100,CHEM PERREY CENTER PARK (BOIS FRANCS) 27130 PULLAY,27481,"48.7261,0.8433",Pylône autostable,33m,TOTEM,2025-12-24,ALL,False,False
471465,SFR,LTE 700,DOMAINE ST PHILIPPE (NÈGUE-VAQUES) 34530 MONTAGNAC,34162,"43.4619,3.5392",Pylône autostable,36m,TOTEM,,AJO,False,False
472691,SFR,"UMTS 900, LTE 700, LTE 800, LTE 1800, LTE 2100, 5G NR 2100, 5G NR 3500",1 COURS GEORGES V HOTEL MODERNE 06500 MENTON,06083,"43.7733,7.4956",Immeuble,32m,Société Privée,,AJO,False,False
472691,SFR,UMTS 2100,1 COURS GEORGES V HOTEL MODERNE 06500 MENTON,06083,"43.7733,7.4956",Immeuble,32m,Société Privée,2004-01-30,SUP,False,False
474161,SFR,5G NR 2100,CHEM RURAL N°5 (LE CLOS) 60170 CAMBRONNE LES RIBECOURT,60119,"49.5092,2.8928",Pylône autostable,24m,CELLNEX,,AJO,False,False
474790,SFR,5G NR 3500,BD  HENRI CSE DES POMPIERS 83250 LA LONDE LES MAURES,83071,"43.1447,6.2392",Pylône tubulaire,32m,HIVORY,2025-12-26,ALL,False,False
478576,SFR,5G NR 3500,115 CHEM VALETTES ETS RICCOBONNO 83490 LE MUY,83086,"43.4661,6.5497",Pylône autostable,"45,2m",HIVORY,2025-12-24,ALL,False,False
482867,SFR,5G NR 3500,3 PL DES HALLES EGLISE 34160 CASTRIES,34058,"43.6781,3.9861",Monument religieux,38m,"Commune, communauté de communes",2025-12-26,ALL,False,False
486150,SFR,5G NR 3500,R DE BELGIQUE IMM LES GOËLANDS 50470 CHERBOURG EN COTENTIN,50129,"49.6467,-1.6531",Bâtiment,29m,Société HLM,2025-12-26,ALL,False,False
495176,SFR,5G NR 3500,LA SEUTE PRÈS DU RÉSERVOIR (LES PLANCHES) 50610 JULLOUVILLE,50066,"48.7703,-1.5547",Pylône tubulaire,40m,TOTEM,2025-12-26,ALL,False,False
499870,SFR,UMTS 2100,8 R JEAN BOUVERI 92100 BOULOGNE BILLANCOURT,92012,"48.835,2.2406",Immeuble,25m,Particulier,2012-08-31,SUP,False,False
500516,SFR,"LTE 700, LTE 1800, LTE 2100, 5G NR 2100",LES MASTRELLES 04510 LE CHAFFAUT ST JURSON,04046,"44.0217,6.0919",Pylône autostable,"21,7m",TOTEM,,AJO,False,False
500628,SFR,"LTE 700, LTE 1800, LTE 2100",AIRE COFIROUTE PK 172 SENS PARIS-PROVINCE (LES RELAUDIÈRES) 41300 THEILLAY,41256,"47.2831,2.0436",Pylône autostable,42m,Sociétés d'Autoroutes,2025-12-24,ALL,False,False
506677,SFR,5G NR 2100,PL DE L'ÉGLISE 44190 GORGES,44064,"47.1014,-1.3028",Monument religieux,47m,"Commune, communauté de communes",2025-12-24,ALL,False,False
506742,SFR,"LTE 700, LTE 800, LTE 1800, LTE 2100, LTE 2600, 5G NR 2100, 5G NR 3500",26 RUE DU BARON GÉRARD TOUR DES PENSÉES (LE CLOS ST-NICOLAS) 14400 BAYEUX,14047,"49.2881,-0.7111",Immeuble,41m,Société HLM,,AJO,False,True
507159,SFR,5G NR 3500, (LES GALVINETTES) 41350 VINEUIL,41295,"47.5872,1.3908",Pylône tubulaire,39m,TDF,2025-12-24,ALL,False,False
507734,SFR,LTE 800,85 R HENRI BERGSON GARNISON DES CRS (LE CHARENTAIS) 37540 ST CYR SUR LOIRE,37214,"47.4103,0.6661",Pylône autostable,57m,HIVORY,2016-03-25,ALL,False,False
509038,SFR,"LTE 1800, LTE 2100",CHEM RURAL N°2 DE LA CAVE MORINET AUX JOLLETIÈRES (LES JOLLETIÈRES) 37600 LOCHES,37132,"47.1544,1.0128",Pylône autostable,40m,ATC FRANCE,2025-12-24,ALL,False,False
510684,SFR,"LTE 2600, 5G NR 2100",CHEM DÉPARTEMENTALE N° 7 (LA SENTE DE STE MARIE) 27420 VILLERS EN VEXIN,27690,"49.25,1.5789",Château d'eau - réservoir,57m,"Syndicat des eaux, Adduction",2025-12-24,ALL,False,False
511155,SFR,LTE 700,CHEM DE PIERBOUX QUARTIER BEAUREGARD 83149 BRAS,83021,"43.47,5.9544",Pylône autostable,25m,TDF,,AJO,False,False
511155,SFR,"LTE 2100, 5G NR 2100",CHEM DE PIERBOUX QUARTIER BEAUREGARD 83149 BRAS,83021,"43.47,5.9544",Pylône autostable,25m,TDF,2025-12-24,ALL,False,False
511603,SFR,5G NR 3500, (LA HOGUETTE) 14370 MOULT CHICHEBOVILLE,14456,"49.1181,-0.1514",Pylône autostable,25m,TOTEM,2025-12-26,ALL,False,False
511817,SFR,5G NR 3500,15 R ETIENNE DOLE EGLISE ST JOSEPH DU PLESSIS 56600 LANESTER,56098,"47.7575,-3.3367",Monument religieux,42m,"Commune, communauté de communes",2025-12-24,ALL,False,False
512258,SFR,5G NR 3500,RES. L'ESCALE BLANCHE HOTEL LES ECRINS (PRÉ LONGIS) 05200 LES ORRES,05098,"44.4936,6.5569",Immeuble,23m,"Copropriété, Syndic, SCI",2025-12-26,ALL,False,False
512637,SFR,5G NR 3500,RTE DE PRAZILLON (LA VILLE ES BLAIS) 44380 PORNICHET,44132,"47.2653,-2.3019",Pylône haubané,89m,TDF,2025-12-24,ALL,False,False
518771,SFR,5G NR 3500,R DU VIEUX VER (PIERRE PESANT) 28630 VER LES CHARTRES,28403,"48.3817,1.4883",Pylône autostable,37m,TDF,2025-12-26,ALL,False,False
521625,SFR,UMTS 900, (MONT-AFRIQUE) 21160 FLAVIGNEROT,21270,"47.2858,4.9219",Tour hertzienne,74m,TDF,2025-12-24,ALL,True,False
522375,SFR,LTE 700,LE CHAMP DU BOUILLON (LES MIMOSAS) 35640 MARTIGNE FERCHAUD,35167,"47.8269,-1.3289",Pylône autostable,42m,ATC FRANCE,2025-12-24,ALL,False,False
522890,SFR,"LTE 700, LTE 1800, LTE 2100, 5G NR 2100", (BÉVY) 39310 SEPTMONCEL LES MOLUNES,39510,"46.3631,5.9264",Pylône autostable,40m,TDF,2025-12-24,ALL,False,False
527617,SFR,"LTE 700, LTE 1800, LTE 2100, 5G NR 2100",SAINT JUST EN CHEVALET - TOUR  (LE CHAMP DE FOIRE) 42430 ST JUST EN CHEVALET,42248,"45.9172,3.8475",Pylône autostable,"27,5m",TOTEM,2025-12-24,ALL,False,False
531196,SFR,"LTE 700, LTE 2100, 5G NR 2100", (LA CROIX PEUFRÊTE) 42430 ST MARCEL D URFE,42255,"45.8767,3.8569",Pylône autostable,"45,3m",Sociétés d'Autoroutes,2025-12-24,ALL,False,False
534614,SFR,LTE 700, (LA GRIFFONNIÈRE) 01270 VILLEMOTIER,01445,"46.3497,5.2889",Pylône autostable,38m,ATC FRANCE,,AJO,False,False
536950,SFR,"LTE 700, LTE 2600, 5G NR 3500",1 R DU PARC 22000 ST BRIEUC,22278,"48.5147,-2.7664",Immeuble,37m,Conseil Départemental,,AJO,False,False
537962,SFR,LTE 800,3 5 ALL DES MARGUERITES 57950 MONTIGNY LES METZ,57480,"49.0894,6.1608",Immeuble,44m,Société HLM,2016-04-22,ALL,False,False
538029,SFR,5G NR 2100,LE STADE (LE GRAND CHAMP) 86190 VOUILLE,86294,"46.6419,0.1619",Château d'eau - réservoir,64m,"Syndicat des eaux, Adduction",2025-12-24,ALL,False,False
541357,SFR,5G NR 3500,PL DE L'EGLISE 35350 ST MELOIR DES ONDES,35299,"48.6375,-1.9033",Monument religieux,58m,"Commune, communauté de communes",2025-12-26,ALL,False,False
552587,SFR,5G NR 3500,CRÊT DE PUGNY 69210 ST PIERRE LA PALUD,69231,"45.7936,4.6044",Pylône autostable,24m,TOTEM,2025-12-24,ALL,False,False
566264,SFR,"LTE 700, LTE 2600",D93 (LA BOUCHERAIS) 44260 SAVENAY,44195,"47.3339,-1.9164",Pylône autostable,36m,HIVORY,2025-12-24,ALL,False,False
578156,SFR,"LTE 700, LTE 1800, LTE 2100, 5G NR 2100, 5G NR 3500",12 R DE LA PETITE VIE IMM LA PASTOURELLE 01630 ST GENIS POUILLY,01354,"46.2447,6.0256",Immeuble,34m,Société HLM,2025-12-24,ALL,False,False
584854,SFR,5G NR 3500,D.116 (LES BANIS DE BERNOUVILLE) 27830 NEAUFLES ST MARTIN,27426,"49.2814,1.6997",Château d'eau - réservoir,53m,"Syndicat des eaux, Adduction",2025-12-26,ALL,False,False
585709,SFR,"5G NR 2100, 5G NR 3500",PL DES TILLEULS (BLAUBERG) 57200 SARREGUEMINES,57631,"49.1033,7.0631",Pylône autostable,"47,5m",TDF,2025-12-24,ALL,False,False
587355,SFR,5G NR 2100,AV DU VIADUC (CD704 LE VIGEN LIMOGES) CHEM D' ACCÈS AU POSTE ÉLECTRIQUE SITE SFR 870225 (MAISON NEUVE) 87110 LE VIGEN,87205,"45.7558,1.2894",Pylône autostable,30m,HIVORY,2025-12-24,ALL,False,False
591232,SFR,"LTE 700, 5G NR 2100, 5G NR 3500",3 R FRESNEL 25000 BESANCON,25056,"47.2353,5.9778",Pylône tubulaire,20m,HIVORY,,AJO,False,False
591232,SFR,UMTS 2100,3 R FRESNEL 25000 BESANCON,25056,"47.2353,5.9778",Pylône tubulaire,20m,HIVORY,2007-12-19,SUP,False,False
597284,SFR,5G NR 3500,STATION TDF DE BONNEVAL (BABYLOINE) 28800 BONNEVAL,28051,"48.1767,1.39",Pylône autostable,40m,TDF,2025-12-26,ALL,False,False
599361,SFR,"LTE 700, LTE 1800, LTE 2100, 5G NR 2100",LES QUATRE TERMES (BLAYEUL SOMMET) 04420 BEAUJEU,04024,"44.2467,6.3117",Pylône autostable,47m,TDF,,AJO,False,False
600255,SFR,"LTE 700, LTE 1800, LTE 2100",CHEM RURAL N°27 (LA NAULERIE) 37340 CLERE LES PINS,37081,"47.4269,0.3858",Pylône autostable,30m,HIVORY,2025-12-24,ALL,False,False
606589,SFR,5G NR 3500,RUE DU PILAT SUC DE VAUX (LES CLOS) 07430 DAVEZIEUX,07078,"45.2572,4.7089",Pylône autostable,32m,TOTEM,2025-12-26,ALL,False,False
607798,SFR,"LTE 700, LTE 1800, LTE 2100, 5G NR 2100",LE GUERN (PARC LYORE) 22780 LOGUIVY PLOUGRAS,22131,"48.5264,-3.4881",Pylône autostable,35m,ATC FRANCE,2025-12-24,ALL,False,False
611302,SFR,5G NR 3500,19 R DANIEL GILARD HÔTEL MERCURE (LE PARC DU GOLFE) 56000 VANNES,56260,"47.6381,-2.7644",Bâtiment,"23,5m",Société Privée,2025-12-26,ALL,False,False
612767,SFR,"LTE 700, LTE 2100, LTE 2600, 5G NR 2100, 5G NR 3500",PASSAGE LES BAINS RÉSIDENCE LES BAINS 34540 BALARUC LES BAINS,34023,"43.4394,3.6769",Immeuble,"25,8m","Copropriété, Syndic, SCI",2025-12-29,ALL,False,False
618247,SFR,"LTE 700, LTE 2600, 5G NR 3500",8 R DE LA GARENNE 45120 CHALETTE SUR LOING,45068,"48.0214,2.7342",Bâtiment,"28,3m",Société HLM,2025-12-24,ALL,False,False
618386,SFR,5G NR 3500,15 R. DU GOELAND (ROTHÉNEUF) 35400 ST MALO,35288,"48.6828,-1.9694",Immeuble,"22,4m",Société HLM,2025-12-26,ALL,False,False
621887,SFR,"LTE 700, 5G NR 3500",PARKING LES 3 EVÊCHÉS (LA FOUX-D'ALLOS) 04260 ALLOS,04006,"44.2942,6.5669",Pylône tubulaire,16m,HIVORY,2025-12-26,ALL,False,False
653363,SFR,5G NR 3500,7 RTE DE BLIGNY 89210 BRIENON SUR ARMANCON,89055,"47.9967,3.6169",Pylône autostable,22m,HIVORY,2025-12-26,ALL,False,False
654832,SFR,"LTE 700, LTE 1800, LTE 2100, 5G NR 2100", (ST DAUMARY) 34270 VALFLAUNES,34322,"43.825,3.8594",Pylône autostable,"32,9m",TDF,2025-12-24,ALL,False,False
657463,SFR,5G NR 2100,R FRANÇOIS DORVAULT EGLISE 44360 ST ETIENNE DE MONTLUC,44158,"47.2764,-1.7806",Monument religieux,40m,"Commune, communauté de communes",2025-12-24,ALL,False,False
661504,SFR,5G NR 3500,STATION TDF DE LODEVE 2 (PIC DE VINAS) 34700 FOZIERES,34106,"43.7564,3.3425",Pylône autostable,24m,TDF,2025-12-26,ALL,False,False
675419,SFR,"LTE 700, LTE 2600",R DES PARCS 35550 SIXT SUR AFF,35328,"47.775,-2.0747",Pylône tubulaire,35m,ATC FRANCE,,AJO,False,False
684373,SFR,"LTE 2100, 5G NR 2100",PISTE ONF COMBE FERE (BARNOIN) 06710 TOUET SUR VAR,06143,"43.9433,6.9858",Pylône autostable,19m,TDF,2025-12-24,ALL,False,False
684947,SFR,5G NR 3500,PL DE L'EGLISE 49125 TIERCE,49347,"47.6153,-0.4689",Monument religieux,"48,3m","Commune, communauté de communes",2025-12-24,ALL,False,False
691071,SFR,UMTS 2100,COTEAU DU QUART 25260 COLOMBIER FONTAINE,25159,"47.4494,6.6942",Pylône autostable,35m,HIVORY,2010-07-07,SUP,False,False
704764,SFR,5G NR 3500, (LE MINIOU) 22110 ROSTRENEN,22266,"48.2319,-3.3086",Pylône autostable,31m,HIVORY,2025-12-26,ALL,False,False
709417,SFR,LTE 700,PRÈS N. 11 SICTOM DE ROCHENARD (LE HAUT PIE BLANC) 79210 PRIN DEYRANCON,79220,"46.2139,-0.6072",Pylône autostable,44m,CELLNEX,,AJO,False,False
717759,SFR,LTE 700,LA CROIX MARIE (LE VALLERAIS) 35500 BALAZE,35015,"48.18,-1.1969",Pylône autostable,"39,3m",ATC FRANCE,2025-12-24,ALL,False,False
718018,SFR,"LTE 700, LTE 1800, LTE 2100, LTE 2600, 5G NR 2100",VOIE TGV MÉDITERRANÉE  (MONTÉE DE GANCEL) 13116 VERNEGUES,13115,"43.6817,5.2028",Pylône autostable,20m,SNCF Réseau,,AJO,False,False
719499,SFR,"LTE 700, LTE 1800, LTE 2100, 5G NR 2100",LES FUMADES STATION TDF DRAGUIGNAN 2 (LES LONES) 83111 AMPUS,83003,"43.5739,6.4208",Pylône autostable,30m,TDF,2025-12-24,ALL,False,False
729809,SFR,"LTE 700, LTE 2100, LTE 2600, 5G NR 2100, 5G NR 3500",D99/CHEM DES COURTILLES LA GARE 50200 COUTANCES,50147,"49.0414,-1.4414",Pylône tubulaire,25m,CELLNEX,2025-12-24,ALL,False,False
729821,SFR,"LTE 700, LTE 1800, LTE 2100, 5G NR 2100",RTE DE CHINON (LA GRANDE ALLÉE) 37190 DRUYE,37099,"47.2836,0.5133",Pylône tubulaire,38m,TDF,2025-12-24,ALL,False,False
733411,SFR,5G NR 2100,A5 PK 23 SENS PROVINCE PARIS 77830 PAMFOU,77354,"48.4722,2.8733",Pylône autostable,50m,Sociétés d'Autoroutes,,SUP,False,False
738663,SFR,5G NR 3500, (LES PILLETIÈRES) 72200 LA FLECHE,72154,"47.7003,-0.0944",Pylône autostable,"46,5m",HIVORY,2025-12-26,ALL,False,False
740760,SFR,"LTE 700, LTE 800, LTE 1800, LTE 2100, LTE 2600, 5G NR 2100",27 RTE DE BLOU RD.206 49160 LONGUE JUMELLES,49180,"47.3781,-0.1",Château d'eau - réservoir,34m,"Syndicat des eaux, Adduction",2025-12-24,ALL,False,True
745928,SFR,5G NR 3500,"552, R DU MARÉCHAL JUIN CHÂTEAU D'EAU 45200 AMILLY",45004,"47.9719,2.7792",Château d'eau - réservoir,57m,"Commune, communauté de communes",2025-12-24,ALL,False,False
748095,SFR,LTE 700, (LA CHAPELLE) 79360 GRANZAY GRIPT,79137,"46.2178,-0.4617",Château d'eau - réservoir,"44,5m","Commune, communauté de communes",2025-12-24,ALL,False,False
748557,SFR,UMTS 2100,CH. RURAL N°8 DIT DES TERRES BLANCHES DES MORTS HAMEAU LA MAISON NEUVE (LES TERRES BLANCHES) 45140 BUCY ST LIPHARD,45059,"47.9344,1.7581",Pylône autostable,"38,5m",HIVORY,2018-11-21,SUP,False,False
752223,SFR,UMTS 2100,CHEM COMMUNAL N° 3 (COMBE SAILLARD) 25160 LES GRANGETTES,25295,"46.8264,6.3025",Pylône autostable,40m,TOTEM,2017-06-30,SUP,False,False
753768,SFR,"LTE 2100, 5G NR 2100",RTE DE FAY ET RUTY (LA CROIX L'ÉVÊQUE) 01200 MONTANGES,01257,"46.1639,5.7822",Pylône autostable,27m,TDF,2025-12-24,ALL,False,False
754347,SFR,5G NR 3500,CHEM DE BOUSSEY  PRES DU CIMETIERE (LA HAUTE VIEVILLE) 27750 LA COUTURE BOUSSEY,27183,"48.9006,1.4022",Château d'eau - réservoir,"37,5m","Syndicat des eaux, Adduction",2025-12-26,ALL,False,False
755533,SFR,LTE 700,VOIE COMMUNALE N°20 (REST GUEN) 22160 CALLAC,22025,"48.4028,-3.4189",Pylône autostable,31m,TOTEM,,AJO,False,False
762304,SFR,"LTE 2100, 5G NR 2100",RAJOLS (LES FALSETTES) 12720 ST ANDRE DE VEZINES,12211,"44.1267,3.2378",Pylône autostable,18m,TDF,2025-12-24,ALL,False,False
766473,SFR,"5G NR 2100, 5G NR 3500",6/8 R JEAN BAFFIER RÉSIDENCE BAFFIER 18000 BOURGES,18033,"47.0789,2.4003",Immeuble,22m,"Copropriété, Syndic, SCI",2025-12-24,ALL,False,False
775693,SFR,"LTE 2100, 5G NR 2100",CHEM RURAL TERRAIN COMMUNAL (AQUÉRIA) 30126 TAVEL,30326,"44.0089,4.7375",Pylône tubulaire,23m,TOTEM,2025-12-24,ALL,False,False
779872,SFR,"LTE 700, LTE 1800, LTE 2100, 5G NR 2100",RTE DE MONTRESOR A LOCHES (LES TROIS CROIX) 37460 CHEMILLE SUR INDROIS,37069,"47.1464,1.1728",Château d'eau - réservoir,35m,"Syndicat des eaux, Adduction",,AJO,False,False
783028,SFR,5G NR 3500,ECHANGEUR DE MONTAIGU A 83 85600 MONTAIGU VENDEE,85146,"46.9578,-1.3531",Pylône autostable,"49,2m",Sociétés d'Autoroutes,2025-12-24,ALL,False,False
790411,SFR,"LTE 700, LTE 1800, LTE 2100, 5G NR 2100",SORTIE NORD AGGLOMÉRATION (LA  MIRAILLE) 05120 ST MARTIN DE QUEYRIERES,05151,"44.8433,6.5828",Pylône autostable,20m,TDF,2025-12-24,ALL,False,False
810836,SFR,5G NR 3500,RTE DE MONTAGNY (LES ECULLY) 69210 BULLY,69032,"45.8644,4.5772",Pylône autostable,30m,TOTEM,2025-12-24,ALL,False,False
820536,SFR,LTE 700,RTE DE SERMIZELLES À GIVRY SILO SERAGRI (CHAMP DE LA BATAILLE) 89200 GIVRY,89190,"47.5258,3.7919",Silo,28m,Société Privée,2025-12-24,ALL,False,False
826533,SFR,5G NR 3500,PL DE L'OCCITANIE GIE  NATIONALE 11560 FLEURY,11145,"43.18,3.1864",Immeuble,16m,Autres,2025-12-26,ALL,False,False
831818,SFR,5G NR 3500,Z.I. DES NOËS ENTREPRISE LASSARAT (LES NOËS) 44550 MONTOIR DE BRETAGNE,44103,"47.3264,-2.1311",Pylône autostable,32m,SFR,2025-12-26,ALL,False,False
848207,SFR,5G NR 3500,R ALBERT LEGRAND GARE SNCF 29600 MORLAIX,29151,"48.5786,-3.8317",Pylône autostable,"30,7m",HIVORY,2025-12-26,ALL,False,False
856056,SFR,"GSM 900, UMTS 900, UMTS 2100, LTE 800, LTE 1800 [CHA: ancienne adresse = Fosses du Loup]",ROUTE DU GRAND BOIS (FOSSES DU LOUP) 33390 MAZION,33280,"45.1736,-0.5994",Pylône autostable,"35,4m",HIVORY,2011-06-24,CHA,False,False
860025,SFR,LTE 800,73 R DE SAVOIE (LES ARAVIS) 57160 MOULINS LES METZ,57487,"49.0964,6.1281",Immeuble,"28,6m","Copropriété, Syndic, SCI",2016-03-14,ALL,False,False
